top-lunch-score,top-prefecture,top-telephone,shop-transportation,shop-addresses,top-overall-score,features-first-reviewer,features-the-homepage,shop-categories,seats-mobile-phone,top-subcategory-two,seats-non-smoking-smoking,shop-budget,top-category,features-remarks,menu-dishes,seats-parking-lot,shop-restaurant-name,menu-drink,shop-operating-hours,features-location,url,shop-cards,features-occasion,top-name,top-night-score,top-budget-lunch,top-comments,seats-number-of-seats,seats-private-use,top-budget-night,menu-all-you-can-drink,top-nearest-station,seats-space-facilities,menu-course,shop-shop-holidays,top-subcategory-one,shop-tel-reservation,seats-private-dining-rooms
-,Saga,"
                  050-5589-5428
                  (+81-50-5589-5428)                ","JR佐賀駅より車で7分エスプラッツより徒歩4分 1,345 meters from Saga.",9-3 Gofuku Motomachi Saga Saga 佐賀県 佐賀市 呉服元町 9-2 Show larger map,3.31,まきまきなのね,https://www.facebook.com/sushiyoshi.yamasa/,"Sushi, Nihonshu (Japanese sake), Izakaya (Tavern)",docomo、au、SoftBank,Izakaya (Tavern),Smoking establishment (カウンター席は禁煙),"Dinner: ￥10,000～￥14,999",Sushi,◆HP◆http://www.sushiyoshi-yamasa.jp/◆ローカルプレイス◆http://www.localplace.jp/t100074175/,"Particular about vegetable,Particular about fish",no (近隣にコインパーキングございます),yamasashoutensushiyoshi (山沙商店すし芳),"Japanese sake (Nihonshu),Japanese spirits (Shochu),Wines,Particular about Japanese sake (Nihonshu),Particular about Japanese spirits (Shochu),Particular about wines","18:00～23:00 Late night (After 10 PM), Open on sundays","Secluded restaurant,House restaurant",https://tabelog.com/en/saga/A4101/A410101/41002899/,Available (JCB、VISA、MASTER、AMEX、Diners),"Date,Banquets/party,Reception,With friends/co-workers This occasion is recommended by many people.",yamasashoutensushiyoshi,3.31,,7,37 Seats (【1F】カウンター席7席 【2Ｆ】掘りごたつ席4明×2 【個室】6～8名×2),Available (For 20-50 people),"￥10,000～￥14,999",All-you-can-drink,"
                  Saga
                ","Stylish space,Comfortable space,Counter,Tatami seats,Horigotatsu seats","Course (¥5,000 - ¥8,000),Course (¥8,000 - ¥10,000),Course (over ¥10,000)",不定休,Nihonshu (Japanese sake),050-5589-5428 (+81-50-5589-5428) (For reservation only) 0952-20-1239 (+81-952-20-1239) (For inquiry) 予約可,yes For 2 people、For 4 people、For 6 people、For 8 people、For 10-20 people (【2Ｆ】掘りごたつ席：4名×2 6名×2(仕切りを外して最大30名まで可能) )
-,Saga,"
                  050-5592-2486
                  (+81-50-5592-2486)                ","JR【佐賀駅】より車で9分市営バス【大崎】バス停より徒歩5分【袋住宅前】バス停より徒歩4分 2,941 meters from Saga.",405-7 Honjomachi Oaza Fukuro Saga Saga 佐賀県 佐賀市 本庄町袋 405-7 Show larger map,-,やい1975,http://www.localplace.jp/t100137361/,"Izakaya (Tavern), Yakitori (Grilled chicken), Chicken wings",,Chicken wings,Smoking establishment,"Dinner: ￥3,000～￥3,999 The amount of money spent by actual store visitors.",Izakaya (Tavern),,,yes (お店前に7～8台分ございます),Izakayatanukichi (居酒屋たぬ吉),"Japanese sake (Nihonshu),Japanese spirits (Shochu),Wines,Cocktails",18：00～24：00(LO23：00) Late night (After 10 PM),,https://tabelog.com/en/saga/A4101/A410101/41000680/,Not Available,With friends/co-workers This occasion is recommended by many people.,Izakayatanukichi,-,,2,39 Seats (カウンター5席 座敷(4名×6卓) 奥座敷(5名×2卓)),Available (Up to 20 people),"￥3,000～￥3,999","All-you-can-drink,All-you-can-drink (¥3,000 - ¥4,000),All-you-can-drink (¥4,000 - ¥5,000)","
                  Saga
                ","Comfortable space,Wide seat,Counter,Tatami seats","Course (up to ¥3,000)",火曜日,Yakitori (Grilled chicken),050-5592-2486 (+81-50-5592-2486) (For reservation only) 0952-25-0757 (+81-952-25-0757) (For inquiry) 予約可,yes For 2 people、For 4 people、For 6 people、For 8 people
-,Saga,"
                  050-5593-5579
                  (+81-50-5593-5579)                ",JR唐津駅から徒歩5分 303 meters from Karatsu.,Katanamachi Karatsu Saga 佐賀県 唐津市 刀町 1528 林ビル Show larger map,-,,http://fb.me/sashiyama.hino,"Yakitori (Grilled chicken), Izakaya (Tavern)",docomo、au、SoftBank、Y!mobile,,Smoking establishment,"Dinner: ￥2,000～￥2,999 Lunch: ～￥999",Yakitori (Grilled chicken),8月21日より日曜日定休となりました。,"Particular about vegetable,Particular about fish",no,Izakayasashiyamashoutenattohinomaru (居酒屋 指山商店 ＠ヒノマル),"Japanese sake (Nihonshu),Japanese spirits (Shochu),Wines,Cocktails,Particular about Japanese sake (Nihonshu),Particular about Japanese spirits (Shochu)",11:30～14:00（O.S.13:30）※9月1日からスタート17:00～24:00（O.S.23:30） Late night (After 10 PM),,https://tabelog.com/en/saga/A4102/A410201/41005873/,Not Available,,Izakayasashiyamashoutenattohinomaru,-, ～￥999,0,32 Seats (カウンター12席/テーブル12席/座敷8席),Available (For 20-50 people),"￥2,000～￥2,999","All-you-can-drink,All-you-can-drink (¥3,000 - ¥4,000)","
                  Karatsu
                ",Sofa seats,,日曜定休 ※不定休あり。,Izakaya (Tavern),050-5593-5579 (+81-50-5593-5579) (For reservation only) 0955-75-1100 (+81-955-75-1100) (For inquiry) 予約可,no
-,Saga,"
                  050-5869-9794
                  (+81-50-5869-9794)                ",国道34号線 牧のうどん武雄北方店を目印に200M先。最寄り駅『北方駅』徒歩３分 403 meters from Kitagata.,122-1 Kitagatacho Oaza Shiku Takeo Saga 佐賀県 武雄市 北方町志久 122-1 Show larger map,-,高砂,http://www.localplace.jp/t100063158/,"Yakitori (Grilled chicken), Izakaya (Tavern), Motsu Nabe (Offel Hot Pot)",docomo、au、SoftBank、Y!mobile,Motsu Nabe (Offel Hot Pot),Smoking establishment,"Dinner: ￥3,000～￥3,999",Yakitori (Grilled chicken),,"Particular about vegetable,Vegetarian menu",yes (専用駐車場 70台まで収容可能),Murahachi (むら八),"Japanese sake (Nihonshu),Japanese spirits (Shochu),Wines,Cocktails,Particular about Japanese sake (Nihonshu),Particular about Japanese spirits (Shochu),Particular about wines,Particular about cocktails","１７：００～２４：００（OL２３：００） Late night (After 10 PM), Open on sundays","Beautiful scenery,Secluded restaurant,House restaurant",https://tabelog.com/en/saga/A4103/A410301/41002098/,Available (VISA、JCB、MASTER、AMEX、Diners),"Banquets/party,With friends/co-workers This occasion is recommended by many people.",Murahachi,-,,2,100 Seats (（個室・テーブル席・カウンター席）),Available (For 20-50 people),"￥3,000～￥3,999","All-you-can-drink,All-you-can-drink (¥3,000 - ¥4,000),All-you-can-drink (¥4,000 - ¥5,000)","
                  Kitagata
                ","Stylish space,Comfortable space,Wide seat,Counter,Tatami seats","Course (up to ¥3,000),Course (¥3,000 - ¥4,000)",不定休（大晦日・元日）,Izakaya (Tavern),050-5869-9794 (+81-50-5869-9794) (For reservation only) 0954-20-3066 (+81-954-20-3066) (For inquiry) 予約可,yes For 2 people、For 4 people、For 6 people、For 8 people、For 10-20 people、For 20-30 people (個室１室・半個室としてご利用出来ます。)
-,Saga,"
                  050-5592-4814
                  (+81-50-5592-4814)                ","JR【佐賀駅】より徒歩15分、車で6分エスプラッツななめ前【ららららーめん】2Fにございます！ 1,160 meters from Saga.",Chuohonmachi Saga Saga 佐賀県 佐賀市 中央本町 3-22 ヤマトビル 2F Show larger map,-,,http://www.mars-saga.com,"Yakiniku (BBQ Beef), Horumon (BBQ Offel), Izakaya (Tavern)",docomo、au、SoftBank、Y!mobile,Izakaya (Tavern),Smoking establishment,,Yakiniku (BBQ Beef),【貸切】・小上がり座敷最大26～30名迄・個室座席最大12名迄,,no (近隣にコインパーキングがございます。),Sagagyuuyakinikumatsuzou (佐賀牛焼肉松藏),"Japanese sake (Nihonshu),Japanese spirits (Shochu),Wines,Cocktails","【日～木】18：00～24：00（L.O23：00）【金・土・祝前日】18：00～翌3：00（L.O翌2：00） Late night (After 10 PM),Late night (After midnight), Open on sundays",,https://tabelog.com/en/saga/A4101/A410101/41005885/,Available (VISA、MASTER、JCB、AMEX),Banquets/party This occasion is recommended by many people.,Sagagyuuyakinikumatsuzou,-,,0,70 Seats (カウンター（2名×5）、テーブル席（4名×1、7名×1）、小上がり座敷（8名×2、6名×1、4名×1）、個室座敷（8名×1）、畳座敷（6名×1、4名×1）),Available (Over 50 people),,All-you-can-drink,"
                  Saga
                ","Stylish space,Comfortable space,Wide seat,Counter,Tatami seats","Course (¥3,000 - ¥4,000),Course (¥4,000 - ¥5,000),Course (¥5,000 - ¥8,000)",不定休,Horumon (BBQ Offel),050-5592-4814 (+81-50-5592-4814) (For reservation only) 0952-27-2606 (+81-952-27-2606) (For inquiry) 予約可,yes For 2 people、For 4 people、For 6 people、For 8 people、For 10-20 people、For 20-30 people (半個室座敷（8名×2、6名×1、4名×1）※人数に応じてご用意可能 個室座敷（8名×1） 畳座敷（6名×1、4名×1） )
-,Saga,"
                  050-5570-5381
                  (+81-50-5570-5381)                ",ＪＲ鳥栖駅 徒歩1分 95 meters from Tosu.,726 Kyomachi Tosu Saga 佐賀県 鳥栖市 京町 726 グリーンリッチホテル1F Show larger map,3.06,DNW,,Izakaya (Tavern),docomo、au、SoftBank,,Smoking establishment,"Dinner: ￥3,000～￥3,999",Izakaya (Tavern),,,no,Akachouchin (あかちょうちん 鳥栖駅前市場),"Japanese sake (Nihonshu),Japanese spirits (Shochu),Wines,Cocktails,Particular about Japanese sake (Nihonshu),Particular about Japanese spirits (Shochu)","ディナー 17:30～24：00(L.O.23:30) モーニング 07:00～10:00(L.O.09:30) Breakfast,Late night (After 10 PM), Open on sundays",In hotel restaurant,https://tabelog.com/en/saga/A4101/A410103/41003752/,Available (VISA、MASTER、AMEX),"Banquets/party,Alone,With friends/co-workers This occasion is recommended by many people.",Akachouchin,3.06,,6,60 Seats,Available (For 20-50 people),"￥3,000～￥3,999","All-you-can-drink,All-you-can-drink (up to ¥3,000),All-you-can-drink (¥3,000 - ¥4,000),All-you-can-drink (over 3 hours)","
                  Tosu
                ","Comfortable space,Counter,Tatami seats","Course (¥3,000 - ¥4,000)",無休,,050-5570-5381 (+81-50-5570-5381) (For reservation only) 0942-87-3787 (+81-942-87-3787) (For inquiry) 予約可,no
-,Saga,"
                  050-5590-2622
                  (+81-50-5590-2622)                ","JR【佐賀駅】より車で8分市営バス【下村河畔】バス停前★佐賀共栄銀行兵庫支店さんの横に御座います。 1,729 meters from Saga.",Honjōmachi Ōaza Honjō Saga-shi Saga-ken 佐賀県 佐賀市 兵庫南 2-736-1 This shop has moved from 「佐賀市本庄町大字本庄10」. *Information before relocation is not updated. See shop information before relocation Show larger map,-,,http://www.localplace.jp/t100081166/,"Izakaya (Tavern), Motsu Nabe (Offel Hot Pot), Yakitori (Grilled chicken)",docomo、au、SoftBank、Y!mobile,Yakitori (Grilled chicken),Smoking establishment,"Dinner: ￥2,000～￥2,999",Izakaya (Tavern),※貸切40～60名まで可能,Health/beauty menu,yes (11台分ございます),Shunsaishubouaura (旬菜酒房 逢宇楽),"Japanese sake (Nihonshu),Japanese spirits (Shochu),Wines,Cocktails","17：00～0：00 Late night (After 10 PM), Open on sundays",House restaurant,https://tabelog.com/en/saga/A4101/A410101/41003390/,Available (VISA、MASTER、JCB、AMEX、Diners),Banquets/party This occasion is recommended by many people.,Shunsaishubouaura,-,,0,63 Seats (6名テーブル×6、4名テーブル×3、12名テーブル×1、カウンター×3),Available (For 20-50 people、Over 50 people),"￥2,000～￥2,999","All-you-can-drink,All-you-can-drink (¥3,000 - ¥4,000)","
                  Saga
                ","Comfortable space,Wide seat,Counter,Tatami seats","Course (¥3,000 - ¥4,000),Course (¥4,000 - ¥5,000)",無休,Motsu Nabe (Offel Hot Pot),050-5590-2622 (+81-50-5590-2622) (For reservation only) 0952-97-8456 (+81-952-97-8456) (For inquiry) 予約可 ※ご予約のお電話は13時以降より承っております。,yes (個室×7部屋（6名席×6室、12名席×1室）)
-,Saga,"
                  050-5571-5672
                  (+81-50-5571-5672)                ",佐賀駅南口を出て中央大通りを直進！徒歩約10分中央橋の信号の左手に見える『唐人ビル』の３階です。 949 meters from Saga.,Tojin Saga-city Saga 佐賀県 佐賀市 唐人 2-2-1 唐人ビル 3F Show larger map,-,やい1975,http://www.localplace.jp/t100061004/,"Izakaya (Tavern), Motsu Nabe (Offel Hot Pot), Seafood",docomo、au、SoftBank、Y!mobile,Seafood,Smoking establishment,"Dinner: ￥3,000～￥3,999",Izakaya (Tavern),,,no (近くにコインパーキングあります。),Kakomian (かこみ庵 愛敬店),"Japanese sake (Nihonshu),Japanese spirits (Shochu),Wines,Cocktails","１７：００～２４：００ Late night (After 10 PM), Open on sundays",Secluded restaurant,https://tabelog.com/en/saga/A4101/A410101/41005336/,Available (VISA、MASTER、JCB、AMEX、Diners),"Date,Banquets/party This occasion is recommended by many people.",Kakomian,-,,1,100 Seats (全席完全個室2名～80名まで多数有り♪),Not Available,"￥3,000～￥3,999","All-you-can-drink,All-you-can-drink (up to ¥3,000),All-you-can-drink (¥3,000 - ¥4,000),All-you-can-drink (¥4,000 - ¥5,000)","
                  Saga
                ","Stylish space,Comfortable space,Wide seat,Couples seats,Horigotatsu seats","Course (up to ¥3,000),Course (¥3,000 - ¥4,000),Course (¥4,000 - ¥5,000)",年中無休,Motsu Nabe (Offel Hot Pot),050-5571-5672 (+81-50-5571-5672) (For reservation only) 0952-27-6500 (+81-952-27-6500) (For inquiry) 予約可,yes For 2 people、For 4 people、For 6 people、For 8 people、For 10-20 people、For 20-30 people、Over 30 people (最大80名様まで！)
-,Saga,"
                  050-5592-8970
                  (+81-50-5592-8970)                ","昭和バス【卸センター前】より徒歩3分佐賀駅より車で10分☆佐賀バイパス沿いローソンより直進した突き当りにございます 2,030 meters from Nabeshima.",佐賀県佐賀市鍋島町大字八戸溝311-16 佐賀県 佐賀市 鍋島 町大字八戸溝311-16 Show larger map,-,へご,http://ristorante-capri.net/,"Italian, French, Pizza",docomo、au、SoftBank、Y!mobile,Pizza,Sectionalized smoking (喫煙席4名様×2),"Lunch: ￥1,000～￥1,999 The amount of money spent by actual store visitors.",Italian,※貸切20名～30名様,"Particular about vegetable,Particular about fish,Health/beauty menu,Vegetarian menu",yes (お店の前に7台分ございます),RISTORANTE CAPRI (リストランテ カプリ),"Wines,Cocktails,Particular about wines,Particular about cocktails","11:00～15:00(LO14：30) 18:00～23:00(LO22:30) Lunch,Late night (After 10 PM), Open on sundays",Secluded restaurant,https://tabelog.com/en/saga/A4101/A410101/41005828/,Not Available,,RISTORANTE CAPRI,-,,1,29 Seats (カウンター5席、テーブル席(4名×4、2名×4)),Available (For 20-50 people),"￥1,000～￥1,999",,"
                  Nabeshima
                ","Stylish space,Comfortable space,Counter","Course (¥3,000 - ¥4,000),Course (¥4,000 - ¥5,000),Course (¥5,000 - ¥8,000)",月曜日,French,050-5592-8970 (+81-50-5592-8970) (For reservation only) 0952-65-3234 (+81-952-65-3234) (For inquiry) 予約可,yes For 6 people、For 8 people (個室6～8名)
-,Saga,"
                  050-5571-3191
                  (+81-50-5571-3191)                ","国道34号線【大木】より車で1分。 1,725 meters from Tashiro.",194-1 Kayakatamachi Tosu Saga 佐賀県 鳥栖市 萱方町 194-1 Show larger map,-,,,"Yakiniku (BBQ Beef), Korean cuisine, Izakaya (Tavern)",docomo、au、SoftBank,Izakaya (Tavern),Smoking establishment,"Dinner: ￥2,000～￥2,999 Lunch: ～￥999",Yakiniku (BBQ Beef),,"Particular about vegetable,Health/beauty menu",yes (専用駐車場13台),Tonya (とんや),"Japanese sake (Nihonshu),Japanese spirits (Shochu),Wines","【ランチタイム】平日限定11:00～14:00【ディナー】17:00～23:00（os22：30） Lunch, Open on sundays","Secluded restaurant,House restaurant",https://tabelog.com/en/saga/A4101/A410103/41005321/,Available (VISA、MASTER),Banquets/party This occasion is recommended by many people.,Tonya,-, ～￥999,0,45 Seats (4人テーブル×2、5人・7人座敷席×2、5人・7人掘りごたつ席×4),Available (For 20-50 people),"￥2,000～￥2,999","All-you-can-drink,All-you-can-drink (¥3,000 - ¥4,000)","
                  Tashiro
                ","Stylish space,Comfortable space,Wide seat,Tatami seats,Horigotatsu seats","Course (up to ¥3,000)",火曜 (夜のみ),Korean cuisine,050-5571-3191 (+81-50-5571-3191) (For reservation only) 0942-80-2499 (+81-942-80-2499) (For inquiry) 予約可,no
-,Saga,"
                  0952-28-1129
                  (+81-952-28-1129)                ","鍋島駅から徒歩15分、車で6分 1,304 meters from Nabeshima.",1-2-43 Shineinishi Saga Saga 佐賀県 佐賀市 新栄西 1-2-43 Show larger map,-,麺らー,,"Yakiniku (BBQ Beef), Horumon (BBQ Offel), Izakaya (Tavern)",docomo、au、SoftBank、Y!mobile,Izakaya (Tavern),Smoking establishment,"Dinner: ￥3,000～￥3,999",Yakiniku (BBQ Beef),,"Particular about vegetable,Vegetarian menu",yes (専用駐車場20台完備),yakinikuushinojin (焼肉 牛ノ陣),"Japanese sake (Nihonshu),Japanese spirits (Shochu),Wines,Cocktails,Particular about cocktails","17：00～翌1：00(LO0：00) Late night (After 10 PM), Open on sundays",Secluded restaurant,https://tabelog.com/en/saga/A4101/A410101/41005425/,Available (VISA、MASTER、JCB),Banquets/party This occasion is recommended by many people.,yakinikuushinojin,-,,2,35 Seats (4名テーブル×5、6名テーブル×2),Available (For 20-50 people),"￥3,000～￥3,999","All-you-can-drink,All-you-can-drink (¥4,000 - ¥5,000)","
                  Nabeshima
                ","Stylish space,Comfortable space,Wide seat,Tatami seats","Course (¥3,000 - ¥4,000),Course (¥4,000 - ¥5,000),Course (over ¥10,000)",年中無休,Horumon (BBQ Offel),0952-28-1129 (+81-952-28-1129) 予約可,yes For 2 people、For 4 people、For 10-20 people、For 20-30 people (4名個室が2部屋)
3.00,Saga,"
                  050-5872-5304
                  (+81-50-5872-5304)                ","ＪＲ長崎本線佐賀駅 徒歩12分 1,005 meters from Saga.",2-3-14 Shirayama Saga Saga 佐賀県 佐賀市 白山 2-3-14 Show larger map,3.00,PQPQ5777,https://line.me/R/ti/p/%40iny9969t,"Sushi, Tempura, Kappo (Traditional Japanese)",docomo、au、SoftBank、Y!mobile,Kappo (Traditional Japanese),Smoking establishment (カウンターのみ禁煙、ランチタイム全席禁煙),"Dinner: ￥3,000～￥3,999 Lunch: ～￥999",Sushi,,Particular about vegetable,yes (4〜5台),sushitsubakiaburatempurayatsuki (鮨・椿油天ぷら 八木),"Japanese sake (Nihonshu),Japanese spirits (Shochu),Wines,Cocktails",『ランチ』11:30～14:00（天ぷらのみ） 『ディナー』17:30～23:00（L.O.22:30） Lunch,"Secluded restaurant,House restaurant",https://tabelog.com/en/saga/A4101/A410101/41004296/,Not Available,With friends/co-workers This occasion is recommended by many people.,sushitsubakiaburatempurayatsuki,3.00, ～￥999,4,20 Seats,Available (Up to 20 people),"￥3,000～￥3,999","All-you-can-drink,All-you-can-drink (¥4,000 - ¥5,000)","
                  Saga
                ","Comfortable space,Counter,Tatami seats","Course (¥4,000 - ¥5,000),Course (¥5,000 - ¥8,000),Course (¥8,000 - ¥10,000),Course (over ¥10,000)",日曜日（祝日は夜のみ営業）,Tempura,050-5872-5304 (+81-50-5872-5304) (For reservation only) 0952-23-0541 (+81-952-23-0541) (For inquiry) 予約可,yes (※個室の詳細はお店にお問い合わせください)
-,Saga,"
                  050-5589-6382
                  (+81-50-5589-6382)                ",JR佐賀駅より徒歩3分佐賀駅バスセンターより市役所側の横断歩道を渡ったところに当店がございます。 278 meters from Saga.,12 Sakaemachi Saga Saga 佐賀県 佐賀市 栄町 12 Show larger map,3.02,あやまんJapan,http://www.localplace.jp/t100074631/,"Izakaya (Tavern), Motsu Nabe (Offel Hot Pot), Yakitori (Grilled chicken)",docomo、au、SoftBank、Y!mobile,Yakitori (Grilled chicken),Smoking establishment,"Dinner: ￥2,000～￥2,999",Izakaya (Tavern),,"Particular about vegetable,Particular about fish",yes (3台分ございます。※近隣にコインパーキングもございます。),Senya (せん屋),"Japanese sake (Nihonshu),Japanese spirits (Shochu),Cocktails","17：00～0：00 Late night (After 10 PM), Open on sundays",Secluded restaurant,https://tabelog.com/en/saga/A4101/A410101/41003159/,Not Available,"Banquets/party,With friends/co-workers This occasion is recommended by many people.",Senya,3.02,,4,36 Seats (座敷6名×3、4名×4),Available (For 20-50 people),"￥2,000～￥2,999","All-you-can-drink,All-you-can-drink (up to ¥3,000),All-you-can-drink (¥3,000 - ¥4,000),All-you-can-drink (¥4,000 - ¥5,000)","
                  Saga
                ","Stylish space,Comfortable space,Tatami seats","All-you-can-eat,Course (up to ¥3,000),Course (¥3,000 - ¥4,000),Course (¥4,000 - ¥5,000)",不定休,Motsu Nabe (Offel Hot Pot),050-5589-6382 (+81-50-5589-6382) (For reservation only) 0952-28-4565 (+81-952-28-4565) (For inquiry) 予約可 ※ご予約のお電話は13時以降より受付ております。(当日～3日前までのご予約はお電話ください。※ネット予約では空席なしと表示されますのでご注意ください。),no
-,Saga,"
                  050-5589-6384
                  (+81-50-5589-6384)                ",ＪＲ「田代駅」から国道３号線を北へ徒歩２０分。西鉄バス「姫方」停留所下車、徒歩２分です。 986 meters from Tashiro.,佐賀県鳥栖市姫方町341‐2 佐賀県 鳥栖市 姫方町 341‐2 Show larger map,-,,,"Korean cuisine, Yakiniku (BBQ Beef), Hot Pot (other)",docomo、au、SoftBank、Y!mobile,Hot Pot (other),Sectionalized smoking,"Dinner: ￥4,000～￥4,999 Lunch: ～￥999",Korean cuisine,詳しくはヒトサラのページを御覧下さい。,,yes (30台（無料）),wafuukankokuryouriwagyuuyakinikusourumama (和風韓国料理 和牛焼肉 ソウルママ),"Japanese sake (Nihonshu),Japanese spirits (Shochu),Wines,Cocktails","【月・火・木～日・祝・祝前】ランチ１１：00～１４：３０【月・火・木～日・祝・祝前】ディナー １７：３０～２３：００ Lunch, Open on sundays","Secluded restaurant,House restaurant",https://tabelog.com/en/saga/A4101/A410103/41005603/,Not Available,,wafuukankokuryouriwagyuuyakinikusourumama,-, ～￥999,0,60 Seats (掘りごたつ１０席 ),Available (For 20-50 people、Over 50 people),"￥4,000～￥4,999","All-you-can-drink,All-you-can-drink (up to ¥3,000)","
                  Tashiro
                ","Comfortable space,Tatami seats,Horigotatsu seats,Sports TV","All-you-can-eat,Course (up to ¥3,000),Course (¥3,000 - ¥4,000)",水曜日,Yakiniku (BBQ Beef),050-5589-6384 (+81-50-5589-6384) (For reservation only) 0942-50-8882 (+81-942-50-8882) (For inquiry) 予約可,no
3.00,Saga,"
                  050-5890-6961
                  (+81-50-5890-6961)                ",ＪＲ佐賀駅北口より徒歩3分 478 meters from Saga.,2-9-1 Ekimae Chuo Saga Saga 佐賀県 佐賀市 駅前中央 2-9-1 Show larger map,3.00,PQPQ5777,http://www.hanamori-k.jp/,"Yakiniku (BBQ Beef), Horumon (BBQ Offel), Izakaya (Tavern)",docomo、au、SoftBank、Y!mobile,Izakaya (Tavern),Sectionalized smoking,"Dinner: ￥3,000～￥3,999 Lunch: ￥1,000～￥1,999",Yakiniku (BBQ Beef),,,yes (15台),Yakinikuhanamorikiwami (焼肉 華守キワミ),"Japanese sake (Nihonshu),Japanese spirits (Shochu),Wines,Cocktails,Particular about Japanese sake (Nihonshu),Particular about Japanese spirits (Shochu),Particular about wines,Particular about cocktails","【金・土】11:00～翌5:00(L.O.翌4:00)【日～木】11:00～翌1:00(L.O.0：00)※ランチタイム(11:00～15:00) Lunch,Late night (After 10 PM),Late night (After midnight),Late night (Until morning) , Open on sundays","Secluded restaurant,House restaurant",https://tabelog.com/en/saga/A4101/A410101/41005143/,Not Available,"Banquets/party,Alone,With friends/co-workers This occasion is recommended by many people.",Yakinikuhanamorikiwami,3.00,"￥1,000～￥1,999",1,54 Seats (最大宴会人数50名様まで収容可能),Available (For 20-50 people、Over 50 people),"￥3,000～￥3,999","All-you-can-drink,All-you-can-drink (up to ¥3,000)","
                  Saga
                ","Stylish space,Comfortable space,Wide seat,Tatami seats,Horigotatsu seats,Sports TV","Course (up to ¥3,000),Course (¥3,000 - ¥4,000),Course (¥4,000 - ¥5,000)",不定休,Horumon (BBQ Offel),050-5890-6961 (+81-50-5890-6961) (For reservation only) 0952-30-4100 (+81-952-30-4100) (For inquiry) 予約可 週末は特に混み合いますので、お早目のご予約をおすすめします。,yes For 2 people、For 4 people、For 6 people、For 8 people、For 10-20 people、For 20-30 people、Over 30 people (全席個室となっております。6名個室席×9卓)
3.02,Saga,"
                  050-5570-7753
                  (+81-50-5570-7753)                ",JR長崎本線佐賀駅 徒歩3分 142 meters from Saga.,1-9-3 Ekimae Chuo Saga Saga 佐賀県 佐賀市 駅前中央 1-9-3 駅前横丁 1F Show larger map,3.01,たなちゃ,,"Izakaya (Tavern), Yakitori (Grilled chicken), Seafood",docomo、au、SoftBank、Y!mobile,Seafood,Smoking establishment,"Dinner: ￥3,000～￥3,999 Lunch: ￥1,000～￥1,999",Izakaya (Tavern),,"Particular about vegetable,Particular about fish",no,Hinomarushokudou (ヒノマル食堂 佐賀駅前店),"Japanese sake (Nihonshu),Japanese spirits (Shochu),Cocktails,Particular about Japanese sake (Nihonshu),Particular about Japanese spirits (Shochu),Particular about cocktails","【平日・土・祝・祝前】 ディナー 17:00～00:00 (L.O.23:30)【平日・祝前】 ランチ 11:30～14:00 (L.O.13:45) 定休日： 日曜日 月曜日が祝日の場合、日曜日営業、月曜日休業 Lunch,Late night (After 10 PM)",,https://tabelog.com/en/saga/A4101/A410101/41003739/,Not Available,"Alone,With friends/co-workers This occasion is recommended by many people.",Hinomarushokudou,3.00,"￥1,000～￥1,999",5,30 Seats (カウンター席、座敷あり),Available,"￥3,000～￥3,999",All-you-can-drink,"
                  Saga
                ","Counter,Tatami seats",,日曜日,Yakitori (Grilled chicken),050-5570-7753 (+81-50-5570-7753) (For reservation only) 0952-26-2272 (+81-952-26-2272) (For inquiry) 予約可,no
3.00,Saga,"
                  050-5571-8262
                  (+81-50-5571-8262)                ","佐賀駅バスセンターからバスで5分「中の小路」下車、徒歩2分 1,145 meters from Saga.",4-33 Hachimankoji Saga Saga 佐賀県 佐賀市 八幡小路 4-33 Show larger map,3.00,さらら３１４７,http://hitosara.com/0005023112/,"Izakaya (Tavern), Italian, Dining bar",,Dining bar,Smoking establishment,"Dinner: ￥3,000～￥3,999 The amount of money spent by actual store visitors.",Izakaya (Tavern),貸切は1F50名、2F60名～受付可。お気軽にお電話ください。,,no (近隣にコインパーキングあり),Wanwan (椀々),"Japanese spirits (Shochu),Wines,Cocktails","【月～木】18：00～1：00（L.O24：30）【金・土・祝前】18：00～2：00（L.O1：30）ローカルプレイス⇒http://www.localplace.jp/t100124682/ Late night (After 10 PM),Late night (After midnight)",,https://tabelog.com/en/saga/A4101/A410101/41000160/,Available (VISA、MASTER、JCB、AMEX、Diners),"Banquets/party,With friends/co-workers This occasion is recommended by many people.",Wanwan,3.00,,3,120 Seats (カウンター6席、≪1F≫テーブル6名×5、4名×3 ≪2F≫座敷20名×1、40名×1),Available (Over 50 people、For 20-50 people),"￥3,000～￥3,999",All-you-can-drink,"
                  Saga
                ",Tatami seats,,毎週日曜日,Italian,050-5571-8262 (+81-50-5571-8262) (For reservation only) 0952-25-6774 (+81-952-25-6774) (For inquiry) 予約可,yes For 10-20 people、For 20-30 people、Over 30 people
-,Saga,"
                  0955-22-5790
                  (+81-955-22-5790)                ",JR伊万里駅より徒歩1分。南に進み、ガストのある交差点を左折。左手です。 92 meters from Imari.,539 Shintencho Imari Saga 佐賀県 伊万里市 新天町 539 伊万里駅南 Show larger map,-,ＲＺking.,http://hitosara.com/0006033770/,"Izakaya (Tavern), Dining bar, Kushi-age (Fried Skewer)",docomo、au、SoftBank、Y!mobile,Kushi-age (Fried Skewer),Smoking establishment,"Dinner: ￥3,000～￥3,999",Izakaya (Tavern),,,yes (駐車場完備),Kirahiiragi (きら・柊),"Japanese sake (Nihonshu),Japanese spirits (Shochu),Wines,Cocktails",◆17:00～23:00◆,"Beautiful scenery,Secluded restaurant,House restaurant",https://tabelog.com/en/saga/A4102/A410202/41002887/,Available (VISA、MASTER、JCB、AMEX、Diners),,Kirahiiragi,-,,1,100 Seats (100人 ( 宴会・パーティー時 着席:100人 ) ),Available (Over 50 people),"￥3,000～￥3,999","All-you-can-drink,All-you-can-drink (¥3,000 - ¥4,000),All-you-can-drink (¥4,000 - ¥5,000)","
                  Imari
                ","Stylish space,Comfortable space,Wide seat,Counter,Tatami seats,Horigotatsu seats,Wheelchair access","All-you-can-eat,Course (¥3,000 - ¥4,000)",年中無休,Dining bar,0955-22-5790 (+81-955-22-5790) 予約可,yes For 2 people、For 4 people、For 6 people、For 8 people、For 10-20 people、For 20-30 people、Over 30 people (全室個室)
3.44,Saga,"
                  050-5869-9795
                  (+81-50-5869-9795)                ","高速鳥栖インターより車で１５分。 1,492 meters from Hizen Asahi.",1978-3-2 Makimachi Tosu Saga 佐賀県 鳥栖市 真木町 1978-3-2 Show larger map,3.44,YAMAジー,https://www.facebook.com/pages/LION-CURRY/483879061665371,"Cafe, Sri Lanka cuisine, Soup Curry",docomo、au、SoftBank、Y!mobile,Soup Curry,Smoking establishment,"Dinner: ￥1,000～￥1,999 Lunch: ￥1,000～￥1,999",Cafe,◆ランチメニューは800円～◆ディナーメニューは880円～,"Health/beauty menu,Vegetarian menu",yes (店舗前に専用駐車場完備),Raiankari (LION CURRY),"Japanese spirits (Shochu),Wines,Cocktails,Particular about Japanese spirits (Shochu),Particular about wines,Particular about cocktails","【ランチ】◆月～金 11:30～15:00（OS14:30） ◆土日祝 11:30～16:00（OS15:30）【ディナー】◆17:00～22:00（OS21:30） Lunch, Open on sundays","Beautiful scenery,Secluded restaurant,House restaurant",https://tabelog.com/en/saga/A4101/A410103/41003052/,Not Available,"With family/kids ,Date,Alone,With friends/co-workers This occasion is recommended by many people.",Raiankari,3.08,"￥1,000～￥1,999",35,40 Seats (テーブル席 34席 ・ カウンター席 6席),Available (For 20-50 people),"￥1,000～￥1,999","All-you-can-drink,All-you-can-drink (¥3,000 - ¥4,000),All-you-can-drink (¥4,000 - ¥5,000)","
                  Hizen Asahi
                ","Stylish space,Comfortable space,Wide seat,Couples seats,Counter","All-you-can-eat,Course (up to ¥3,000),Course (¥3,000 - ¥4,000),Course (¥4,000 - ¥5,000)",不定休 ※店舗へお問い合わせください！,Sri Lanka cuisine,050-5869-9795 (+81-50-5869-9795) (For reservation only) 0942-84-8688 (+81-942-84-8688) (For inquiry) 予約可,yes For 20-30 people、Over 30 people (団体様のご利用で個室として貸切可能です。)
3.04,Saga,"
                  050-5869-7165
                  (+81-50-5869-7165)                ",JR佐賀駅北口から徒歩3分 209 meters from Saga.,2-4-56 Konohigashi Saga Saga 佐賀県 佐賀市 神野東 2-4-56 Show larger map,3.00,PQPQ5777,http://locoplace.jp/t000438106/,"Izakaya (Tavern), Mizutaki, Regional Cuisine (Other)",docomo、au、SoftBank,Regional Cuisine (Other),Smoking establishment,"Dinner: ￥2,000～￥2,999 Lunch: ～￥999",Izakaya (Tavern),,"Particular about vegetable,Particular about fish",yes (6台分の駐車スペースあり),Kaisenizakayadaiichisankichimaru (第一三吉丸),"Japanese sake (Nihonshu),Japanese spirits (Shochu),Wines,Particular about Japanese sake (Nihonshu),Particular about Japanese spirits (Shochu),Particular about wines","昼:11:30～14:00夜:17:00～24:00(L.O.23:30) Lunch,Late night (After 10 PM), Open on sundays","Secluded restaurant,House restaurant",https://tabelog.com/en/saga/A4101/A410101/41001285/,Not Available,"Banquets/party,Alone,With friends/co-workers This occasion is recommended by many people.",Kaisenizakayadaiichisankichimaru,3.00, ～￥999,6,115 Seats (1Ｆカウンター8席・テーブル27席/2Ｆ座敷80席),Available (For 20-50 people、Over 50 people),"￥2,000～￥2,999","All-you-can-drink,All-you-can-drink (¥4,000 - ¥5,000)","
                  Saga
                ","Stylish space,Comfortable space,Wide seat,Couples seats,Counter,Tatami seats","Course (¥3,000 - ¥4,000),Course (¥4,000 - ¥5,000),Course (¥5,000 - ¥8,000)",第1・3日曜日,Mizutaki,050-5869-7165 (+81-50-5869-7165) (For reservation only) 0952-33-5334 (+81-952-33-5334) (For inquiry) 予約可,yes For 8 people、For 20-30 people、Over 30 people (2階に最大80名様対応可能な座敷がございます。)
-,Saga,"
                  050-5868-4155
                  (+81-50-5868-4155)                ",JR長崎本線佐賀駅南口より、駅前中央通りを南へ。向かいには佐賀銀行本店有り。 479 meters from Saga.,1-6-13 Tojin Saga Saga 佐賀県 佐賀市 唐人 1-6-13 Show larger map,3.00,PQPQ5777,,"Izakaya (Tavern), Motsu Nabe (Offel Hot Pot), Seafood",docomo、SoftBank,Seafood,Smoking establishment,"Dinner: ￥3,000～￥3,999",Izakaya (Tavern),,Particular about fish,no (近隣のコインパーキングをご利用下さい。),Izakayayoiyoi (居酒屋よいよい),"Japanese sake (Nihonshu),Japanese spirits (Shochu),Particular about Japanese sake (Nihonshu),Particular about Japanese spirits (Shochu)",【月～木・日】 17:30～23:00 (L.O.22:30)【金・土】 17:30～00:00 (L.O.23:30) Late night (After 10 PM),"Secluded restaurant,House restaurant",https://tabelog.com/en/saga/A4101/A410101/41003088/,Not Available,"Banquets/party,With friends/co-workers This occasion is recommended by many people.",Izakayayoiyoi,3.00,,1,35 Seats (宴会・パーティー時 着席:40人 ),Available,"￥3,000～￥3,999","All-you-can-drink,All-you-can-drink (¥3,000 - ¥4,000),All-you-can-drink (¥4,000 - ¥5,000)","
                  Saga
                ","Comfortable space,Wide seat,Counter,Tatami seats","Course (up to ¥3,000)",不定休,Motsu Nabe (Offel Hot Pot),050-5868-4155 (+81-50-5868-4155) (For reservation only) 0952-41-2288 (+81-952-41-2288) (For inquiry) 予約可,yes For 4 people、For 6 people、For 8 people
3.05,Saga,"
                  050-5868-1164
                  (+81-50-5868-1164)                ","1,244 meters from Nabeshima.",6丁目1-15 Kaisei Saga Saga 佐賀県 佐賀市 開成 6丁目1-15 Show larger map,3.05,tomoko_k,,"Pork Shabu Shabu, Izakaya (Tavern), Japanese food (other)",,Japanese food (other),−,"Dinner: ￥1,000～￥1,999 Lunch: ￥1,000～￥1,999 The amount of money spent by actual store visitors.",Pork Shabu Shabu,,,yes,Butahachi (豚八 佐賀店),,ランチ 11:30～14:30(L.O)ディナー 17:30～22:30(L.O),,https://tabelog.com/en/saga/A4101/A410101/41004250/,,"With family/kids ,With friends/co-workers This occasion is recommended by many people.",Butahachi,-,"￥1,000～￥1,999",5,,,"￥1,000～￥1,999",,"
                  Nabeshima
                ",,"Course (up to ¥3,000)",不定休,Izakaya (Tavern),050-5868-1164 (+81-50-5868-1164) (For reservation only) 0952-32-0164 (+81-952-32-0164) (For inquiry) 予約可,
3.16,Saga,"
                  050-5868-7251
                  (+81-50-5868-7251)                ",JR鳥栖駅から徒歩5分 485 meters from Tosu.,704-8 Hondosumachi Tosu Saga 佐賀県 鳥栖市 本鳥栖町 704-8 Show larger map,3.39,rumis,http://www.saburo36.com/,"European-style Curry, Parfait, Hot Pot (other)",docomo、au、SoftBank、Y!mobile,Hot Pot (other),Non-smoking establishment,"Dinner: ￥1,000～￥1,999 Lunch: ～￥999",European-style Curry,,,yes,kare-kafesaburo- (curry cafe SABURO),"Japanese spirits (Shochu),Wines,Cocktails","11：30～15：00（ＯＳ14：30）18：00～22：00（ＯＳ21：30）※火曜日はランチのみの営業 Lunch, Open on sundays","Secluded restaurant,House restaurant",https://tabelog.com/en/saga/A4101/A410103/41000542/,Not Available,"Date,With friends/co-workers This occasion is recommended by many people.",kare-kafesaburo-,3.25, ～￥999,20,28 Seats (テーブル８席[２名席×５、3名席×１、4名席×１、5名席×１] ※ソファーとテーブルの組み合わせにより席数を増やす事も可能),Available (Up to 20 people、For 20-50 people、Over 50 people),"￥1,000～￥1,999",All-you-can-drink,"
                  Tosu
                ","Stylish space,Comfortable space,Wide seat,Counter,Sofa seats","Course (up to ¥3,000)",毎週水曜日 火曜はランチのみの営業,Parfait,050-5868-7251 (+81-50-5868-7251) (For reservation only) 0942-82-9563 (+81-942-82-9563) (For inquiry) 予約可,no
3.02,Saga,"
                  050-5589-2793
                  (+81-50-5589-2793)                ","JR佐賀駅より車で14分208号線沿い 2,886 meters from Saga.",Saga Saga 佐賀県 佐賀市 本庄町大字袋263-1 Show larger map,3.02,leoryu,http://www.localplace.jp/t100066089/,"Cafe, Parfait, Pancake",docomo、au、SoftBank、Y!mobile,Pancake,Non-smoking establishment,"Dinner: ￥1,000～￥1,999 Lunch: ～￥999",Cafe,,,yes (40台分ございます。),honjouko-hi-ufufu (本庄珈琲うふふ),,"11:00～24:00(L.O.23:30) Lunch,Late night (After 10 PM), Open on sundays",Secluded restaurant,https://tabelog.com/en/saga/A4101/A410101/41005145/,Not Available,"With family/kids ,Date,With friends/co-workers This occasion is recommended by many people.",honjouko-hi-ufufu,-, ～￥999,5,100 Seats (テーブル席×21卓),Not Available,"￥1,000～￥1,999",,"
                  Saga
                ","Stylish space,Comfortable space,Wide seat,Sofa seats","Course (up to ¥3,000)",元旦・大晦日,Parfait,050-5589-2793 (+81-50-5589-2793) (For reservation only) 0952-97-9931 (+81-952-97-9931) (For inquiry) 予約可,no
3.11,Saga,"
                  050-5570-6551
                  (+81-50-5570-6551)                ",松浦鉄道「三代橋駅」から徒歩5分ＪＲ有田駅からタクシーで5分（2km）西九州道「佐世保三川内I.C.」から車で8分（4km）ＪＲ有田駅から有田市コミュニティバス「東西線」（平日のみ運行）で5分『三代橋駅入口』or『三代橋』停留所下車し、徒歩5～7分 263 meters from Midaibashi.,佐賀県西松浦郡有田町南原甲444 佐賀県 西松浦郡有田町 南原 甲444 Show larger map,3.11,モグモグ♪パクパク,http://oota.sagafan.jp/,"Cafe, Curry rice, Cake",,Cake,Non-smoking establishment,"Dinner: ￥1,000～￥1,999 Lunch: ￥1,000～￥1,999",Cafe,ローカルプレイスページ⇒http://www.localplace.jp/t100053094/access,Particular about vegetable,yes (15台),Sougyararioota (創ギャラリーおおた 本店),,"11:00～17:00（L.O） Lunch, Open on sundays",House restaurant,https://tabelog.com/en/saga/A4102/A410202/41000143/,Not Available,"With family/kids ,Alone,With friends/co-workers This occasion is recommended by many people.",Sougyararioota,3.02,"￥1,000～￥1,999",32,24 Seats (カウンター4席、テーブル6名×1、2名×1、4名×3),Available (For 20-50 people),"￥1,000～￥1,999",,"
                  Midaibashi
                ","Comfortable space,Counter","Course (up to ¥3,000)",不定休,Curry rice,050-5570-6551 (+81-50-5570-6551) (For reservation only) 0955-42-4275 (+81-955-42-4275) (For inquiry) 予約可,no
-,Saga,"
                  050-5589-9369
                  (+81-50-5589-9369)                ",ＪＲ鳥栖駅から徒歩５分 411 meters from Tosu.,Taishomachi Tosu Saga 佐賀県 鳥栖市 大正町 786-6 Show larger map,-,91091982,http://www.localplace.jp/t100076772/,"Izakaya (Tavern), Yakitori (Grilled chicken), Creative cuisine",docomo、au、SoftBank、Y!mobile,Creative cuisine,Non-smoking establishment,"Dinner: ￥3,000～￥3,999 Lunch: ～￥999",Izakaya (Tavern),★１5名様より貸し切りできます。☆月～木は10名様～の貸切も承ります（※要相談）★昼宴会、時間外予約対応！サプライズ演出、ケーキのご用意対応可能です♪（ケーキの持ち込みもOK！）★コースの内容変更のご要望、ご相談ください！★Wi-Fi設置!,"Particular about vegetable,Particular about fish,Health/beauty menu,Vegetarian menu",yes (近辺に無料駐車場あります。),watoinkokoronoeki (和と印こころのえき),"Japanese sake (Nihonshu),Japanese spirits (Shochu),Wines,Cocktails,Particular about Japanese sake (Nihonshu),Particular about Japanese spirits (Shochu)",【ランチタイム】11時30分～14:30★毎週火～木曜日の3日間のみランチ営業！【夜】17時～22時 Lunch,House restaurant,https://tabelog.com/en/saga/A4101/A410103/41005549/,Not Available,Banquets/party This occasion is recommended by many people.,watoinkokoronoeki,-, ～￥999,1,28 Seats (カウンター席６席 ２名様用テーブル席もあります),Available (Up to 20 people),"￥3,000～￥3,999","All-you-can-drink,All-you-can-drink (¥3,000 - ¥4,000)","
                  Tosu
                ","Stylish space,Comfortable space,Wide seat,Counter","Course (up to ¥3,000),Course (¥3,000 - ¥4,000)",日曜日（10名様以上での御予約の場合営業致します。）,Yakitori (Grilled chicken),050-5589-9369 (+81-50-5589-9369) (For reservation only) 0942-85-8199 (+81-942-85-8199) (For inquiry) 予約可,no (１０名様から店内貸し切り応相談)
-,Saga,"
                  050-5590-9762
                  (+81-50-5590-9762)                ",唐津バスセンターから徒歩10分ＪＲ唐津駅より徒歩10分 507 meters from Karatsu.,2081-1 Zaimokumachi Karatsu Saga 佐賀県 唐津市 材木町 2081-1 さくらビル 1F・2F Show larger map,-,,https://ja-jp.facebook.com/%E7%B6%B2%E7%84%BC%E9%B3%A5-%E9%81%94%E4%B8%B8-1425611187725130/,"Izakaya (Tavern), Yakiniku (BBQ Beef), Fowl",,Fowl,Smoking establishment,"Dinner: ￥3,000～￥3,999",Izakaya (Tavern),,,no (材木町駐車場をご利用の際は、駐車料金を200円返金致します。),amiyakitoridaruma (網焼鳥 達丸),"Japanese sake (Nihonshu),Japanese spirits (Shochu),Cocktails","17:00～24:00（23：30ＯＳ）*★*ローカルプレイス*★*http://www.localplace.jp/t100126746/ Late night (After 10 PM), Open on sundays",House restaurant,https://tabelog.com/en/saga/A4102/A410201/41005366/,Not Available,,amiyakitoridaruma,-,,0,60 Seats (6名テーブル×3、6名個室×1、10名個室×1、20名個室×1),Available (For 20-50 people),"￥3,000～￥3,999","All-you-can-drink (¥3,000 - ¥4,000),All-you-can-drink (¥4,000 - ¥5,000)","
                  Karatsu
                ","Comfortable space,Wide seat,Sofa seats,Tatami seats",,木曜,Yakiniku (BBQ Beef),050-5590-9762 (+81-50-5590-9762) (For reservation only) 0955-75-3330 (+81-955-75-3330) (For inquiry) 予約可,yes For 2 people、For 4 people、For 6 people、For 8 people、For 10-20 people (※２階貸し切り：30名～ＯＫです。 ＭＡＸ：42名)
-,Saga,"
                  050-5872-5303
                  (+81-50-5872-5303)                ","最寄り駅：JR在来線 佐賀駅。徒歩 10分。佐賀駅より県庁方面へ。『八幡小路』交差点をエスプラッツ方面へ。エスプラッツ斜め前に御座います。 1,160 meters from Saga.",3-22 Chuohonmachi Saga Saga 佐賀県 佐賀市 中央本町 3-22 Show larger map,3.06,麻生太郎似のこうちゃん,http://locoplace.jp/t000509034/,"Sushi, Tempura, Izakaya (Tavern)",docomo、au、SoftBank、Y!mobile,Izakaya (Tavern),Smoking establishment,"Dinner: ￥5,000～￥5,999",Sushi,,"Particular about vegetable,Particular about fish,Health/beauty menu,Vegetarian menu",no (お近くのコインパーキングをご利用下さい。),Nakamuraya (中村屋),"Japanese sake (Nihonshu),Japanese spirits (Shochu),Particular about Japanese sake (Nihonshu),Particular about Japanese spirits (Shochu)","【月～木】18：00～翌2：00【金・土・祝前日】18：00～翌3：00※O.S.30分前 Late night (After 10 PM),Late night (After midnight)","Secluded restaurant,House restaurant",https://tabelog.com/en/saga/A4101/A410101/41004101/,Available (JCB、AMEX、VISA、MASTER、Diners),"Date,Banquets/party,Alone,With friends/co-workers This occasion is recommended by many people.",Nakamuraya,3.06,,3,24 Seats (カウンター10席、座敷は最大14名まで収容可能。),Available (Up to 20 people、For 20-50 people),"￥5,000～￥5,999","All-you-can-drink,All-you-can-drink (¥4,000 - ¥5,000)","
                  Saga
                ","Stylish space,Comfortable space,Wide seat,Counter,Tatami seats,Horigotatsu seats","Course (¥4,000 - ¥5,000),Course (¥5,000 - ¥8,000)",日曜定休（ご予約があれば営業致します）,Tempura,050-5872-5303 (+81-50-5872-5303) (For reservation only) 0952-23-0654 (+81-952-23-0654) (For inquiry) 予約可,yes For 6 people、For 8 people、For 10-20 people、For 20-30 people (※個室利用可（4～14名様） 店内貸切は20名～24名まで収容可能。)
-,Saga,"
                  050-5593-5846
                  (+81-50-5593-5846)                ","1,199 meters from Saga.",Gofuku Motomachi Saga Saga 佐賀県 佐賀市 呉服元町 3-15 Show larger map,-,,https://www.facebook.com/utage.saga/,"Creative cuisine, Bar, Izakaya (Tavern)",docomo、au、SoftBank,Izakaya (Tavern),Smoking establishment,"Dinner: ￥3,000～￥3,999",Creative cuisine,,Particular about vegetable,no,Barstyle UTAGE (バルstyle UTAGE),"Japanese sake (Nihonshu),Japanese spirits (Shochu),Wines,Cocktails,Particular about wines","18:00~3:00 Late night (After 10 PM),Late night (After midnight), Open on sundays",,https://tabelog.com/en/saga/A4101/A410101/41005754/,Available (Diners、VISA、MASTER、JCB、AMEX),,Barstyle UTAGE,-,,0,36 Seats (カウンター席：６席 ),Available (Up to 20 people),"￥3,000～￥3,999",All-you-can-drink,"
                  Saga
                ","Stylish space,Comfortable space,Counter,Tatami seats","Course (¥4,000 - ¥5,000)",火曜日,Bar,050-5593-5846 (+81-50-5593-5846) (For reservation only) 0952-37-8105 (+81-952-37-8105) (For inquiry) 予約可,no
-,Saga,"
                  050-5589-8175
                  (+81-50-5589-8175)                ",長崎自動車道「東脊振IC」から西へ車で10分、ホテル神埼温泉の手前です。,Kanzakimachi Jobaru Kanzaki Saga 佐賀県 神埼市 神埼町城原 3683-5 Show larger map,-,まー0209,http://hitosara.com/0006055096/,"Yakiniku (BBQ Beef), Horumon (BBQ Offel)",docomo、au、SoftBank、Y!mobile,,Sectionalized smoking,"Dinner: ￥3,000～￥3,999 Lunch: ￥1,000～￥1,999",Yakiniku (BBQ Beef),さまざまな集まりにはコース料理がおすすめ。大人数のご宴会はぜひご予約ください。10名用の個室や最大30名ほど入ることができる掘りごたつ席など、人数の集まる宴席にもぜひお使いください。プラス1500円で飲み放題にも対応。予算や料理の内容など、まずはお問い合わせください。,,yes (10台分完備しています。),Nikudokorosenrian (肉処 千里庵),"Japanese sake (Nihonshu),Japanese spirits (Shochu),Wines,Cocktails,Particular about Japanese sake (Nihonshu)",【月・火・木～日・祝・祝前】ディナー 17:00～22:00 【月・火・木・金・日・祝・祝前】ランチ 11:30～14:00 Lunch,"Beautiful scenery,Secluded restaurant,House restaurant",https://tabelog.com/en/saga/A4101/A410102/41005645/,Not Available,,Nikudokorosenrian,-,"￥1,000～￥1,999",1,44 Seats,Available (For 20-50 people),"￥3,000～￥3,999",All-you-can-drink,"
                    Kanzaki, Yoshinogari
                ","Stylish space,Comfortable space,Wide seat,Horigotatsu seats","Course (¥3,000 - ¥4,000),Course (¥4,000 - ¥5,000),Course (¥5,000 - ¥8,000),Course (¥8,000 - ¥10,000)",水曜日,Horumon (BBQ Offel),050-5589-8175 (+81-50-5589-8175) (For reservation only) 0952-65-1167 (+81-952-65-1167) (For inquiry) 予約可,yes For 20-30 people (個室あり 掘りごたつあり)
-,Saga,"
                  050-5570-7756
                  (+81-50-5570-7756)                ",JR佐賀駅より徒歩5分佐賀市役所そば大人数のご宴会にて無料バス送迎ありバス送迎については先着受付となります ※要相談 429 meters from Saga.,13-13 Aikeicho Saga Saga 佐賀県 佐賀市 愛敬町 13-13 Show larger map,3.03,PQPQ5777,,"Izakaya (Tavern), Seafood, Tempura",docomo、au、SoftBank、Y!mobile,Tempura,Smoking establishment,"Dinner: ￥4,000～￥4,999",Izakaya (Tavern),,"Particular about vegetable,Particular about fish",yes (専用駐車場3台完備),Roku (禄),"Japanese sake (Nihonshu),Japanese spirits (Shochu),Wines,Cocktails,Particular about Japanese sake (Nihonshu),Particular about Japanese spirits (Shochu)","【月～土・祝前日】17：00～24：00【月曜・祝日】17：00～23：00 Late night (After 10 PM), Open on sundays",House restaurant,https://tabelog.com/en/saga/A4101/A410101/41005216/,Available (VISA、MASTER、JCB、AMEX、Diners),"Banquets/party,With friends/co-workers This occasion is recommended by many people.",Roku,3.03,,1,54 Seats (カウンター6席、4名個室×3、6名個室×1、10名個室×3),Available (For 20-50 people),"￥4,000～￥4,999",All-you-can-drink,"
                  Saga
                ","Stylish space,Comfortable space,Wide seat,Counter,Tatami seats,Horigotatsu seats","Course (¥4,000 - ¥5,000),Course (¥5,000 - ¥8,000)",不定休,Seafood,050-5570-7756 (+81-50-5570-7756) (For reservation only) 0952-27-6266 (+81-952-27-6266) (For inquiry) 予約可,yes For 2 people、For 4 people、For 6 people、For 8 people、For 10-20 people、For 20-30 people
3.00,Saga,"
                  050-5890-7835
                  (+81-50-5890-7835)                ","国道30号線、片田江信号を北へ30m 1,563 meters from Saga.",3-2-27 Matsubara Saga Saga 佐賀県 佐賀市 松原 3-2-27 Show larger map,3.00,ぷいにゅー★,,"Izakaya (Tavern), Yakitori (Grilled chicken), Motsu Nabe (Offel Hot Pot)",docomo、au、SoftBank、Y!mobile,Motsu Nabe (Offel Hot Pot),Smoking establishment,"Dinner: ￥3,000～￥3,999",Izakaya (Tavern),,Particular about vegetable,yes (３台 満車の場合は、コインパーキング４００円駐車券配布),kuishimboudyayagouchan (くいしんぼ茶屋 豪ちゃん),"Japanese sake (Nihonshu),Japanese spirits (Shochu),Wines,Cocktails,Particular about Japanese sake (Nihonshu),Particular about Japanese spirits (Shochu),Particular about wines,Particular about cocktails",全日17:30～23:00ラストオーダー 22:30 Late night (After 10 PM),"Secluded restaurant,House restaurant",https://tabelog.com/en/saga/A4101/A410101/41003402/,Available (VISA、MASTER、JCB),"Banquets/party,Alone,With friends/co-workers This occasion is recommended by many people.",kuishimboudyayagouchan,-,,3,63 Seats (カウンター8席、椅子・テーブル9席、掘りごたつ4～33席),Available (For 20-50 people),"￥3,000～￥3,999","All-you-can-drink,All-you-can-drink (¥3,000 - ¥4,000),All-you-can-drink (¥4,000 - ¥5,000),All-you-can-drink (over 3 hours)","
                  Saga
                ","Stylish space,Comfortable space,Wide seat,Couples seats,Counter,Tatami seats,Horigotatsu seats,Karaoke,Sports TV","All-you-can-eat,Course (¥3,000 - ¥4,000),Course (¥4,000 - ¥5,000),Course (¥5,000 - ¥8,000)",今年から８月と１２月を除く、日曜日を定休日としました！,Yakitori (Grilled chicken),050-5890-7835 (+81-50-5890-7835) (For reservation only) 0952-60-1148 (+81-952-60-1148) (For inquiry) 予約可 割引サービスのお支払いに、カードでの支払いが出来ません！,yes For 2 people、For 4 people、For 6 people、For 10-20 people、For 20-30 people、Over 30 people (２名様から準個室をご準備できます。ご予約の時にご気軽にお尋ねください！！)
3.05,Saga,"
                  050-5869-7164
                  (+81-50-5869-7164)                ",JR鳥栖駅から徒歩8分 472 meters from Tosu.,704-11 Hondosumachi Tosu Saga 佐賀県 鳥栖市 本鳥栖町 704-11 Show larger map,3.03,枝豆みどり,http://locoplace.jp/t000461239/,"French, Pasta, Izakaya (Tavern)",docomo、au、SoftBank,Izakaya (Tavern),Smoking establishment,"Dinner: ￥3,000～￥3,999 Lunch: ￥1,000～￥1,999",French,,"Particular about vegetable,Particular about fish,Vegetarian menu",yes (2台分の駐車スペースがございます。),voyage (ヴォヤージュ),"Japanese spirits (Shochu),Wines,Cocktails,Particular about Japanese spirits (Shochu),Particular about wines,Particular about cocktails","●Lunch● 12:00～15:00（O.S14:30）●Dinner● 18:00～24:00 Lunch,Late night (After 10 PM), Open on sundays","Beautiful scenery,Secluded restaurant,House restaurant",https://tabelog.com/en/saga/A4101/A410103/41000137/,Not Available,"Date,Banquets/party,With friends/co-workers This occasion is recommended by many people.",voyage,3.00,"￥1,000～￥1,999",8,60 Seats (■1Ｆ：カウンター 8席・座敷14席・テーブル席4席 ■2Ｆ：36席),Available (For 20-50 people、Over 50 people),"￥3,000～￥3,999","All-you-can-drink,All-you-can-drink (¥3,000 - ¥4,000),All-you-can-drink (¥4,000 - ¥5,000)","
                  Tosu
                ","Stylish space,Comfortable space,Wide seat,Couples seats,Counter,Sofa seats,Tatami seats","Course (¥3,000 - ¥4,000),Course (¥4,000 - ¥5,000)",火曜日,Pasta,050-5869-7164 (+81-50-5869-7164) (For reservation only) 0942-82-3210 (+81-942-82-3210) (For inquiry) 予約可,yes For 20-30 people、Over 30 people (テーブル個室あり(20名～38名様用) ※個室の詳細はお店にお問い合わせください)
-,Saga,"
                  050-5590-5729
                  (+81-50-5590-5729)                ","市営バス【鍋島一丁目】より徒歩2分JR佐賀駅より車で8分JR鍋島駅より車で6分☆TSUTAYAさんの向かい側にございます 1,938 meters from Nabeshima.",Nabeshima Saga Saga 佐賀県 佐賀市 鍋島 1-6-1 Show larger map,-,,,"Izakaya (Tavern), Yakitori (Grilled chicken), Chicken wings",docomo、au、SoftBank、Y!mobile,Chicken wings,Smoking establishment,,Izakaya (Tavern),,,yes (お店の前に10台分ございます),Izakayanomuzou (居酒屋 呑蔵),"Japanese sake (Nihonshu),Japanese spirits (Shochu),Wines,Cocktails","17：30～24：00(LO23：30) Late night (After 10 PM), Open on sundays",House restaurant,https://tabelog.com/en/saga/A4101/A410101/41005753/,Not Available,,Izakayanomuzou,-,,0,41 Seats (【カウンター】11席 【座敷1】2名×1、4名×3 【座敷2】4名×3 【掘り炬燵個室】4名×1),Available (Up to 20 people、For 20-50 people),,"All-you-can-drink (up to ¥3,000),All-you-can-drink (¥3,000 - ¥4,000)","
                  Nabeshima
                ","Wide seat,Counter,Tatami seats,Horigotatsu seats","Course (up to ¥3,000),Course (¥3,000 - ¥4,000)",水曜日,Yakitori (Grilled chicken),050-5590-5729 (+81-50-5590-5729) (For reservation only) 0952-31-9353 (+81-952-31-9353) (For inquiry) 予約可,yes For 2 people、For 4 people、For 6 people、For 8 people、For 10-20 people (【掘り炬燵個室】4名×1 【座敷個室】4名テーブル×3 ※個室利用は15名～20名様まで)
3.00,Saga,"
                  050-5571-3189
                  (+81-50-5571-3189)                ",JR佐賀駅より徒歩12分、車で5分JR鍋島駅より車で12分 905 meters from Saga.,1-1-11 Tojin Saga Saga 佐賀県 佐賀市 唐人 1-1-11 Show larger map,3.00,agare,http://www.localplace.jp/t100056567/,"Izakaya (Tavern), Hot Pot (other), Yakitori (Grilled chicken)",docomo、au、SoftBank、Y!mobile,Yakitori (Grilled chicken),Smoking establishment,"Dinner: ￥2,000～￥2,999 The amount of money spent by actual store visitors.",Izakaya (Tavern),※貸切は最大70名まで※週末・祝前日のみ、ご予約のお時間から2時間のお席とさせて頂きます。「鉄鍋ギョーザ」をテイクアウト可【2009年2月17日佐賀市中央本町4より移転】,"Particular about vegetable,Particular about fish",no (隣接の唐人南パーキングをご利用下さい。2時間無料券を差し上げます。),Tsubakishokudou (椿食堂),"Japanese sake (Nihonshu),Japanese spirits (Shochu),Wines,Cocktails","[日～木]18:00～翌3:00[金・土・祝前日]18:00～0:00 Late night (After 10 PM),Late night (After midnight), Open on sundays",House restaurant,https://tabelog.com/en/saga/A4101/A410101/41000397/,Available,With friends/co-workers This occasion is recommended by many people.,Tsubakishokudou,3.00,,4,126 Seats,Available (Over 50 people),"￥2,000～￥2,999","All-you-can-drink,All-you-can-drink (up to ¥3,000),All-you-can-drink (¥3,000 - ¥4,000)","
                  Saga
                ","Stylish space,Wide seat",,不定休,Hot Pot (other),050-5571-3189 (+81-50-5571-3189) (For reservation only) 0952-28-7191 (+81-952-28-7191) (For inquiry) 予約可,yes For 10-20 people
-,Saga,"
                  050-5571-6995
                  (+81-50-5571-6995)                ",【JR佐賀駅】より徒歩13分、車で5分【JR鍋島駅】より車で12分 943 meters from Saga.,2-2-1 Tojin Saga Saga 佐賀県 佐賀市 唐人 2-2-1 唐人プラザビル 1F Show larger map,-,,,"Yakitori (Grilled chicken), Izakaya (Tavern), Pork Shabu Shabu",docomo、au、SoftBank、Y!mobile,Pork Shabu Shabu,Smoking establishment,,Yakitori (Grilled chicken),貸切は80名～応相談,"Particular about vegetable,Particular about fish,Health/beauty menu,Vegetarian menu",no (近隣にコインパーキングあり),Rakan (らかん),,"17：00～0：00 Late night (After 10 PM),Late night (After midnight), Open on sundays",,https://tabelog.com/en/saga/A4101/A410101/41005442/,Not Available,,Rakan,-,,0,100 Seats (4名テーブル×6、掘りごたつ6名×7、座敷6名×4、団体様36名～),Available (Over 50 people),,"All-you-can-drink,All-you-can-drink (¥4,000 - ¥5,000)","
                  Saga
                ","Stylish space,Comfortable space,Wide seat,Tatami seats","Course (¥3,000 - ¥4,000)",不定休,Izakaya (Tavern),050-5571-6995 (+81-50-5571-6995) (For reservation only) 0952-20-5555 (+81-952-20-5555) (For inquiry) 予約可,yes
-,Saga,"
                  050-5592-2488
                  (+81-50-5592-2488)                ","ＪＲ唐津駅よりタクシーで５分。唐津城の西側、西の浜海岸沿いに位置しております。 1,079 meters from Karatsu.",4-3 Higashijonai Karatsu Saga 佐賀県 唐津市 東城内 4-3 Show larger map,-,かつきちくん,http://www.karatsu-chaya.com/,"Kaiseki (Traditional Japanese), Seafood, Japanese food (other)",docomo、au、SoftBank、Y!mobile,Japanese food (other),Sectionalized smoking (店舗外のベランダには喫煙スペースがございます。),"Dinner: ￥3,000～￥3,999 Lunch: ￥2,000～￥2,999",Kaiseki (Traditional Japanese),【Wifi環境整いました】各お部屋のテーブルにPOPを置いております。パスワードを入力し使用下さい♪,Particular about fish,yes (無料の駐車場を完備しています。40～50台),Karatsuchaya (唐津茶屋),"Japanese sake (Nihonshu),Japanese spirits (Shochu),Wines","[月～金] 11:30～14:00(L.O)15:00まで 17:30～20:30(L.O)22:00まで[土・日・祝] 11:30～20:30(L.O)22:00まで*★*ローカルプレイス*★*http://www.localplace.jp/t100137249/ Lunch, Open on sundays","Beautiful scenery,Ocean view",https://tabelog.com/en/saga/A4102/A410201/41004717/,Not Available,,Karatsuchaya,-,"￥2,000～￥2,999",1,34 Seats (掘りごたつ6人×1席、掘りごたつ4人×3席、お座敷席4人×4),Available (Over 50 people),"￥3,000～￥3,999",All-you-can-drink,"
                  Karatsu
                ","Comfortable space,Wide seat,Tatami seats,Horigotatsu seats","Course (up to ¥3,000),Course (¥3,000 - ¥4,000),Course (¥4,000 - ¥5,000),Course (¥5,000 - ¥8,000),Course (¥8,000 - ¥10,000),Course (over ¥10,000)",-,Seafood,050-5592-2488 (+81-50-5592-2488) (For reservation only) 0955-72-4617 (+81-955-72-4617) (For inquiry) 予約可,yes For 2 people、For 4 people、For 6 people (※お座敷席は最大20名様までご利用頂けます。)
-,Saga,"
                  050-5571-6993
                  (+81-50-5571-6993)                ",JR基山駅から徒歩2分 142 meters from Kiyama.,186-21 Miyaura Kiyama Miyaki-gun Saga 佐賀県 三養基郡基山町 宮浦 186-21 Show larger map,3.06,いなやまん,http://www.flat-peace.com/,"Italian, Dining bar, Izakaya (Tavern)",docomo、au、SoftBank、Y!mobile,Izakaya (Tavern),Smoking establishment,"Dinner: ￥4,000～￥4,999 The amount of money spent by actual store visitors.",Italian,【三養基郡基山町宮浦186-10 より移転】,Particular about vegetable,yes (近隣に無料駐車場あり),itariansakabapi-su (イタリアン酒場 PEACE),"Japanese sake (Nihonshu),Japanese spirits (Shochu),Wines,Cocktails,Particular about wines,Particular about cocktails","【Lunch】12：00～15：00(LO14：30)※日曜日のランチは予約制でコースのみです。【Dinner】17：30～25：00(Food LO24：00/Drink LO24：30)※土曜日は営業時間を延長しております。 Late night (After 10 PM), Open on sundays",House restaurant,https://tabelog.com/en/saga/A4101/A410103/41003202/,Available,"Banquets/party,Alone,With friends/co-workers This occasion is recommended by many people.",itariansakabapi-su,3.06,,2,43 Seats (カウンター9席、テーブル34席),Available (For 20-50 people),"￥4,000～￥4,999","All-you-can-drink,All-you-can-drink (up to ¥3,000),All-you-can-drink (¥3,000 - ¥4,000),All-you-can-drink (¥4,000 - ¥5,000)","
                  Kiyama
                ","Stylish space,Comfortable space,Couples seats,Counter,Darts","Course (up to ¥3,000),Course (¥3,000 - ¥4,000),Course (¥4,000 - ¥5,000)",月曜日,Dining bar,050-5571-6993 (+81-50-5571-6993) (For reservation only) 0942-50-8685 (+81-942-50-8685) (For inquiry) 予約可,yes For 2 people (団体様でのご利用時のみ個室貸切としてご利用可能です。)
-,Saga,"
                  050-5592-2044
                  (+81-50-5592-2044)                ",ＪＲ西唐津駅より徒歩10分 682 meters from Nishi Karatsu.,Kaigandori Karatsu Saga 佐賀県 唐津市 海岸通 7182-4 Show larger map,-,麺らー,http://www.localplace.jp/t100133598/photo,"Yakiniku (BBQ Beef), Izakaya (Tavern), Horumon (BBQ Offel)",docomo、au、SoftBank、Y!mobile,Horumon (BBQ Offel),Smoking establishment,"Dinner: ￥4,000～￥4,999",Yakiniku (BBQ Beef),【求人募集】当店で一緒に働いてくれる方を募集してます♪詳細はお店にご連絡下さい★,,yes (7.8台くらい),Ushimaru (牛丸),"Japanese sake (Nihonshu),Japanese spirits (Shochu),Wines,Cocktails",17:30～22:30（ＬＯ22：00） Open on sundays,House restaurant,https://tabelog.com/en/saga/A4102/A410201/41005758/,Not Available,Banquets/party This occasion is recommended by many people.,Ushimaru,-,,1,32 Seats (3人テーブル×2、4人テーブル×2、座敷６人×2、個室6×1),Available (For 20-50 people),"￥4,000～￥4,999","All-you-can-drink (¥4,000 - ¥5,000)","
                  Nishi Karatsu
                ","Comfortable space,Tatami seats",,木曜,Izakaya (Tavern),050-5592-2044 (+81-50-5592-2044) (For reservation only) 0955-75-2099 (+81-955-75-2099) (For inquiry) 予約可 ※15：００までは携帯へお願いします。090-5479-8122,yes For 4 people、For 6 people、For 8 people (※テーブル席を繋げるとＭＡＸ14名可能。Ｌ字タイプであればＭＡＸ20名までＯＫ。)
-,Saga,"
                  0955-74-0107
                  (+81-955-74-0107)                ",193 meters from Karatsu.,1798 Gofukumachi Karatsu Saga 佐賀県 唐津市 呉服町 1798 Show larger map,3.06,のりっけ,http://r.goope.jp/taishi/,"Seafood, Izakaya (Tavern), Steak",docomo、au、SoftBank、Y!mobile,Steak,Smoking establishment,"Dinner: ￥3,000～￥3,999",Seafood,,Particular about fish,no (近隣のコインパーキングをご利用ください。),Taishi (大志),"Japanese sake (Nihonshu),Japanese spirits (Shochu),Wines",18：00～23：00(OS.22：00) Open on sundays,Secluded restaurant,https://tabelog.com/en/saga/A4102/A410201/41002868/,Available (VISA、MASTER、JCB、AMEX、Diners),"Date,Banquets/party,With friends/co-workers This occasion is recommended by many people.",Taishi,3.06,,3,40 Seats (堀りごたつ最大宴会人数34名),Available (Up to 20 people、For 20-50 people),"￥3,000～￥3,999",,"
                  Karatsu
                ","Stylish space,Comfortable space,Wide seat,Couples seats,Counter,Horigotatsu seats",,火曜日,Izakaya (Tavern),0955-74-0107 (+81-955-74-0107) 予約可,yes For 8 people、For 10-20 people、For 20-30 people、Over 30 people (カウンター4席、 4名堀りごたつ×5テーブル、12名個室)
3.06,Saga,"
                  050-5869-0430
                  (+81-50-5869-0430)                ","駐車場完備し、皆様のお越しをお待ちしております。 1,722 meters from Hizen Asahi.",1798-1 Makimachi Tosu Saga 佐賀県 鳥栖市 真木町 1798-1 Show larger map,3.06,Figaro,http://hitosara.com/0006005153/,"Indian curry, Buffet style, India cuisine",docomo、au、SoftBank,India cuisine,Non-smoking establishment (全面禁煙とさせていただいております。),"Dinner: ￥1,000～￥1,999 Lunch: ￥1,000～￥1,999",Indian curry,,Health/beauty menu,yes (17台完備),Bisunu (ビスヌ 鳥栖店),"Japanese spirits (Shochu),Wines,Cocktails","【月・水～日・祝・祝前】ランチ 11:00～15:00 (L.O.14:30)【月・水～日・祝・祝前】ディナー 17:00～22:00 (L.O.21:30) Lunch, Open on sundays",House restaurant,https://tabelog.com/en/saga/A4101/A410103/41001530/,Not Available,"With family/kids ,With friends/co-workers This occasion is recommended by many people.",Bisunu,3.00,"￥1,000～￥1,999",39,62 Seats (テーブル席42席、お座敷20席),Available,"￥1,000～￥1,999","All-you-can-drink,All-you-can-drink (up to ¥3,000)","
                  Hizen Asahi
                ","Comfortable space,Wide seat,Tatami seats","All-you-can-eat,Course (up to ¥3,000)",火曜日定休(祝祭日除く),Buffet style,050-5869-0430 (+81-50-5869-0430) (For reservation only) 0942-82-8282 (+81-942-82-8282) (For inquiry) 予約可,no
-,Saga,"
                  050-5571-3192
                  (+81-50-5571-3192)                ","佐賀駅より徒歩15分、車で5分エスプラッツより徒歩10秒！ 1,044 meters from Saga.",2-6-3 Shirayama Saga Saga 佐賀県 佐賀市 白山 2-6-3 コヤスビル 1F Show larger map,-,,http://www.localplace.jp/t100056566/,"Izakaya (Tavern), Yakitori (Grilled chicken), Creative cuisine",docomo、au、SoftBank、Y!mobile,Creative cuisine,Smoking establishment,,Izakaya (Tavern),,Particular about fish,yes (お店前にコインパーキングがございます。),Soubei (そう兵),"Japanese sake (Nihonshu),Japanese spirits (Shochu),Wines,Cocktails","18：00～0：00 Late night (After 10 PM),Late night (After midnight), Open on sundays",Secluded restaurant,https://tabelog.com/en/saga/A4101/A410101/41005386/,Available (VISA、MASTER、JCB、AMEX、Diners),Banquets/party This occasion is recommended by many people.,Soubei,-,,0,58 Seats,Available (Over 50 people),,All-you-can-drink,"
                  Saga
                ","Comfortable space,Wide seat",,不定休,Yakitori (Grilled chicken),050-5571-3192 (+81-50-5571-3192) (For reservation only) 0952-24-4880 (+81-952-24-4880) (For inquiry) 予約可,yes
3.02,Saga,"
                  050-5589-2791
                  (+81-50-5589-2791)                ",JR佐賀駅北口から徒歩1分 75 meters from Saga.,1-13-23 Ekimae Chuo Saga Saga 佐賀県 佐賀市 駅前中央 1-13-23 Show larger map,3.12,あきよろ,http://www.localplace.jp/t100095831/,"Yakitori (Grilled chicken), Izakaya (Tavern)",docomo、SoftBank、au、Y!mobile,,Smoking establishment,"Dinner: ￥3,000～￥3,999 The amount of money spent by actual store visitors.",Yakitori (Grilled chicken),,,yes (10台前後、近隣にコインパーキングあり),Kadoya (かど屋 佐賀駅北口店),"Japanese sake (Nihonshu),Japanese spirits (Shochu),Wines,Cocktails","18:00～24:00(L.O.23:30) Late night (After 10 PM), Open on sundays",,https://tabelog.com/en/saga/A4101/A410101/41000155/,Available (VISA、JCB、AMEX、Diners、MASTER),"Date,Banquets/party,With friends/co-workers This occasion is recommended by many people.",Kadoya,3.12,,15,60 Seats (テーブル（4名×1）、個室（4名×2、6名×2、6～8名×1）、座敷（4名×3）),Available (Up to 20 people),"￥3,000～￥3,999",All-you-can-drink,"
                  Saga
                ","Comfortable space,Counter,Tatami seats",,不定休,Izakaya (Tavern),050-5589-2791 (+81-50-5589-2791) (For reservation only) 0952-30-4831 (+81-952-30-4831) (For inquiry) 予約可,yes For 2 people、For 4 people、For 6 people、For 8 people (4名×2、6名×2、6～8名×1)
-,Saga,"
                  050-5590-6720
                  (+81-50-5590-6720)                ",●駅からのアクセスJR筑肥線(西唐津～伊万里) ／ 唐津駅 徒歩5分（380m）JR唐津線 ／ 唐津駅 徒歩5分（380m）JR筑肥線(姪浜～西唐津) ／ 唐津駅 徒歩5分（380m）●バス停からのアクセス昭和自動車 レインボー壱岐号 唐津大手口バスセンター 徒歩1分（45m）昭和自動車 からつ号・よぶこ号 唐津バスセンター 徒歩3分（170m）昭和自動車 からつ号・よぶこ号 アルピノ前 徒歩4分（320m）●ICからのアクセス唐津伊万里道路 唐津IC 車で13分（5.1km）唐津伊万里道路 唐津千々賀山田IC 車で14分（5.4km）唐津伊万里道路 北波多IC 車で20分（8.0km）●空港駐車場からのアクセス佐賀空港駐車場 車で122分（49.4km） 351 meters from Karatsu.,Nakamachi Karatsu Saga 佐賀県 唐津市 中町 1513-5 大越ビル 2F Show larger map,-,kyon0506,http://carnesta.com/,"Steak, Izakaya (Tavern), Italian",docomo、au、SoftBank、Y!mobile,Italian,Smoking establishment (ランチタイムのみ2月より禁煙になります。外には喫煙所ありますのでそちらをご利用下さいませ。),"Dinner: ￥3,000～￥3,999 Lunch: ￥1,000～￥1,999",Steak,☆幹事さん！！誕生日や入社、送別会などの時はお店にお知らせください。イベント等でお店をお探しであれば是非当店へ♡,,no (※『中町の田中駐車場』をご利用時のみ 『3000円以上で1時間』、『5000円以上で2時間の割引券』をご用意しております),Nikudaininguandobarukarunesuta (肉ダイニング＆バルcarnesta),"Japanese sake (Nihonshu),Japanese spirits (Shochu),Wines,Cocktails,Particular about Japanese sake (Nihonshu),Particular about wines","◉ランチ 11:00～14:00（L,O）なくなり次第終了！◉平日 18:00～22:00（L,O）◉金土 18:00～23:00（L,O）▼ローカルプレイスhttp://www.localplace.jp/t100114021/ Lunch",,https://tabelog.com/en/saga/A4102/A410201/41005764/,Available (VISA、MASTER、JCB),Banquets/party This occasion is recommended by many people.,Nikudaininguandobarukarunesuta,-,"￥1,000～￥1,999",3,40 Seats (カウンター席 テーブル席),Available (For 20-50 people),"￥3,000～￥3,999","All-you-can-drink,All-you-can-drink (¥4,000 - ¥5,000)","
                  Karatsu
                ","Stylish space,Comfortable space,Counter",,日曜日(不定休日も御座いますので下記添付のカルネスタHPをご参照くださいませ） ※3連休の祝日の場合は翌日が休みになります,Izakaya (Tavern),050-5590-6720 (+81-50-5590-6720) (For reservation only) 0955-58-8879 (+81-955-58-8879) (For inquiry) 予約可 ※連絡がつながらない場合は携帯へお願いします。090-9077-6794,no
-,Saga,"
                  050-5869-7167
                  (+81-50-5869-7167)                ",●国道294号線、市役所南信号を佐賀銀行別館方面へ。一つ目の角を過ぎてすぐ。●佐賀市役所南交差点、ドラッグストアモリの近く。 424 meters from Saga.,12-3 Aikeicho Saga Saga 佐賀県 佐賀市 愛敬町 12-3 Show larger map,3.06,ドリミキ,,"Izakaya (Tavern), Yakitori (Grilled chicken), Teppanyaki",docomo、au、SoftBank、Y!mobile,Teppanyaki,Smoking establishment,"Dinner: ￥3,000～￥3,999",Izakaya (Tavern),,"Particular about vegetable,Particular about fish",no (最寄りのコインパーキングをご利用ください。),Hikiyama (曳山),"Japanese sake (Nihonshu),Japanese spirits (Shochu),Wines,Cocktails,Particular about Japanese sake (Nihonshu),Particular about Japanese spirits (Shochu),Particular about wines,Particular about cocktails","【月、水、木】18：00～24：00(L.O 23:30)【金、土、祝前日】18：00～翌1：00(L.O 24:30)【日曜、祝日】18：00～23：00(L.O 22:30) Late night (After 10 PM), Open on sundays",House restaurant,https://tabelog.com/en/saga/A4101/A410101/41003401/,Available (VISA、MASTER、JCB、AMEX、Diners),"Date,Alone,With friends/co-workers This occasion is recommended by many people.",Hikiyama,3.06,,2,47 Seats (4名テーブル×2、5名テーブル×3、カウンター17席),Available (For 20-50 people),"￥3,000～￥3,999","All-you-can-drink,All-you-can-drink (up to ¥3,000),All-you-can-drink (¥3,000 - ¥4,000)","
                  Saga
                ","Stylish space,Comfortable space,Wide seat,Couples seats,Counter,Tatami seats","Course (up to ¥3,000),Course (¥3,000 - ¥4,000)",火曜日,Yakitori (Grilled chicken),050-5869-7167 (+81-50-5869-7167) (For reservation only) 0952-28-1503 (+81-952-28-1503) (For inquiry) 予約可,yes For 20-30 people、Over 30 people
-,Saga,"
                  050-5590-1579
                  (+81-50-5590-1579)                ",◉和多田駅から徒歩6分 （600ｍ）◉唐津駅から車で10分 （2.5ｋｍ ）◉浜崎駅から車で15分 （6.8ｋｍ） 485 meters from Watada.,4-50 Watada Honmura Karatsu Saga 佐賀県 唐津市 和多田本村 4-50 Show larger map,-,,,"Izakaya (Tavern), Yakitori (Grilled chicken), Seafood",docomo、au、SoftBank、Y!mobile,Seafood,Smoking establishment,"Dinner: ￥2,000～￥2,999",Izakaya (Tavern),うまか屋グループでは”パート”、”アルバイト”を募集しております。土日のみ働ける方も大歓迎♪【詳細】●時給 800円 （試用期間1か月は750円）●高卒以上18歳～40歳まで●長期勤務できる方歓迎！●専門学生・大学生歓迎！社会人もかけもちも大歓迎！●初心者もわかりやすく指導いたします◎業務内容 ホール・調理補助◎日数 週3日～4日程度（ローテーション制）◎勤務時間 17：00～24：00の間（3時間～6時間）●委細面談、ご希望の店舗へお問い合わせ下さい[うまか屋 源喜] 担当：たしろ 唐津市和多田本村4-500955-74-6664[うまか屋 祭太鼓 山本店] 担当：やまさき唐津市山本1399-10955-78-1821[うまか屋 祭太鼓 浜玉店] 担当：いしざき唐津市浜玉町横田下350955-56-6389,,yes (20台),Umakayagenki (うまか屋源喜),"Japanese sake (Nihonshu),Japanese spirits (Shochu),Wines,Cocktails","◉17：30～24：00（L.O 23：00） Late night (After 10 PM), Open on sundays",,https://tabelog.com/en/saga/A4102/A410201/41003105/,Not Available,Banquets/party This occasion is recommended by many people.,Umakayagenki,-,,0,71 Seats (・カウンター席 ・掘りごたつ席 ・座敷席),Not Available,"￥2,000～￥2,999","All-you-can-drink,All-you-can-drink (up to ¥3,000)","
                  Watada
                ","Comfortable space,Wide seat,Counter,Tatami seats,Horigotatsu seats","Course (up to ¥3,000),Course (¥3,000 - ¥4,000),Course (¥4,000 - ¥5,000)",第1、第3 水曜日,Yakitori (Grilled chicken),050-5590-1579 (+81-50-5590-1579) (For reservation only) 0955-74-6664 (+81-955-74-6664) (For inquiry) 予約可,yes For 20-30 people、Over 30 people (仕切り席になります。 団体様30名以上であれば個室としてご利用頂けます。)
3.41,Saga,"
                  050-5590-8341
                  (+81-50-5590-8341)                ",◉唐津駅より車で２６分◉福岡市内から車で約１時間３０分,552-2 Yobukocho Tononoura Karatsu Saga 佐賀県 唐津市 呼子町殿ノ浦 552-2 Show larger map,3.41,agare,http://www.yu-netkita.com/kaisyu/,"Seafood, Kaiseki (Traditional Japanese)",docomo、au、SoftBank、Y!mobile,,Non-smoking establishment,"Dinner: ￥3,000～￥3,999 Lunch: ￥2,000～￥2,999",Seafood,5月2～5日、8月13日～15日は予約不可,Particular about fish,yes (店舗の敷地に駐車ください),genkaiikafunedokorokaishuu (玄海いか舟処 海舟 本店),"Japanese sake (Nihonshu),Japanese spirits (Shochu)","◉11:00～18:00※混雑が予想されます。ご予約は前日までにお願い致します。*★*ローカルプレイス*★*http://www.localplace.jp/t100118775/ Lunch, Open on sundays",Ocean view,https://tabelog.com/en/saga/A4102/A410201/41000029/,Available (JCB、AMEX、VISA、MASTER),"With family/kids ,Banquets/party,With friends/co-workers This occasion is recommended by many people.",genkaiikafunedokorokaishuu,3.00,"￥2,000～￥2,999",30,370 Seats,Available (For 20-50 people、Over 50 people),"￥3,000～￥3,999",,"
                    Karatsu, Yobuko
                ","Comfortable space,Wide seat,Tatami seats","Course (¥3,000 - ¥4,000),Course (¥4,000 - ¥5,000),Course (¥5,000 - ¥8,000)",無休,Kaiseki (Traditional Japanese),050-5590-8341 (+81-50-5590-8341) (For reservation only) 0955-82-5977 (+81-955-82-5977) (For inquiry) 予約可,no
3.05,Saga,"
                  050-5589-5427
                  (+81-50-5589-5427)                ","佐賀市営バス「佐大西」停留所から徒歩2分 2,255 meters from Saga.",1241-27 Honjomachi Oaza Honjo Saga Saga 佐賀県 佐賀市 本庄町本庄 1241-27 Show larger map,3.06,*つばめ*,http://www.localplace.jp/t100074174/,"Okonomiyaki, Chow Mein Noodle, Izakaya (Tavern)",docomo、au、SoftBank,Izakaya (Tavern),Smoking establishment,"Dinner: ￥1,000～￥1,999 Lunch: ～￥999",Okonomiyaki,,,yes (12台収容可能),Yunion (ユニオン),"Japanese sake (Nihonshu),Japanese spirits (Shochu),Wines","[火～土] 11:00～15:00(OS14:30)、18:00～23:00(OS22:00)[日・祝] 11:00～23:00(OS22:00) Lunch, Open on sundays",,https://tabelog.com/en/saga/A4101/A410101/41001820/,Not Available,"With family/kids ,Date,Alone,With friends/co-workers This occasion is recommended by many people.",Yunion,3.05, ～￥999,3,46 Seats (カウンター6席 個室掘り炬燵6名席×6),Available (For 20-50 people),"￥1,000～￥1,999","All-you-can-drink,All-you-can-drink (¥3,000 - ¥4,000),All-you-can-drink (¥4,000 - ¥5,000)","
                  Saga
                ",,"Course (up to ¥3,000),Course (¥3,000 - ¥4,000)",月曜日（月曜祝日の場合翌火曜日が定休日）,Chow Mein Noodle,050-5589-5427 (+81-50-5589-5427) (For reservation only) 0952-22-3083 (+81-952-22-3083) (For inquiry) 予約可,yes For 2 people、For 4 people、For 6 people、For 8 people、For 10-20 people、For 20-30 people、Over 30 people (個室掘り炬燵席6名×6部屋 最大40名収容 貸切は30名～。要相談)
3.06,Saga,"
                  050-5571-3190
                  (+81-50-5571-3190)                ",JR鳥栖駅より徒歩3分フレスポ向いにございます！ 125 meters from Tosu.,790-1 Kyomachi Tosu Saga 佐賀県 鳥栖市 京町 790-1 緒方ビル 1F Show larger map,3.05,フィガロイ,http://www.localplace.jp/t100056565/,"Izakaya (Tavern), Seafood, Tempura",,Tempura,Smoking establishment,"Dinner: ￥4,000～￥4,999 Lunch: ￥1,000～￥1,999 The amount of money spent by actual store visitors.",Izakaya (Tavern),,Particular about fish,no (近隣にコインパーキングあり),Uohei (魚平),"Japanese sake (Nihonshu),Japanese spirits (Shochu),Cocktails","【ランチ】11：30～14：00(L.O)【夜】17：00～21：30(L.O) Lunch, Open on sundays",,https://tabelog.com/en/saga/A4101/A410103/41004617/,Available,"With family/kids ,Banquets/party,With friends/co-workers This occasion is recommended by many people.",Uohei,-,"￥1,000～￥1,999",4,90 Seats,Available (Over 50 people),"￥4,000～￥4,999","All-you-can-drink (¥4,000 - ¥5,000)","
                  Tosu
                ","Comfortable space,Wide seat,Tatami seats,Horigotatsu seats","Course (¥3,000 - ¥4,000)",無休,Seafood,050-5571-3190 (+81-50-5571-3190) (For reservation only) 0942-85-2230 (+81-942-85-2230) (For inquiry) 予約可,yes Over 30 people (最大60名まで収容可能な大広間を完備！)
-,Saga,"
                  050-5589-0269
                  (+81-50-5589-0269)                ",JR鳥栖駅より徒歩7分 455 meters from Tosu.,1-1027 Higashimachi Tosu Saga 佐賀県 鳥栖市 東町 1-1027 Show larger map,3.00,枝豆みどり,http://tosu-urara.jp,"Izakaya (Tavern), Italian, Seafood",SoftBank、docomo、au、Y!mobile,Seafood,Sectionalized smoking (ランチのみ禁煙),"Dinner: ￥3,000～￥3,999 Lunch: ￥1,000～￥1,999",Izakaya (Tavern),,"Particular about vegetable,Particular about fish",yes (当店裏（東町樫の木駐車場）5台【11～15】／鳥栖補聴器横駐車場（軽自動車専用）2台【1～2】／上野不動産横駐車場6台【6～11】),Urara (うらら),"Japanese sake (Nihonshu),Japanese spirits (Shochu),Wines,Cocktails,Particular about wines","【昼の部】11:30～14:00 【夜の部】18:00～23:00(OS22:00)※日曜のみ18:00～22:00(21:00) Lunch, Open on sundays",,https://tabelog.com/en/saga/A4101/A410103/41000139/,Not Available,"With family/kids ,Date,With friends/co-workers This occasion is recommended by many people.",Urara,3.00,"￥1,000～￥1,999",3,48 Seats (カウンター・小上がり座敷・テーブル席・個室・お座敷個室及び宴会用広間(30名)),Available (For 20-50 people),"￥3,000～￥3,999","All-you-can-drink (¥4,000 - ¥5,000)","
                  Tosu
                ","Stylish space,Comfortable space,Wide seat,Couples seats,Counter,Tatami seats,Horigotatsu seats","Course (up to ¥3,000),Course (¥3,000 - ¥4,000)",毎週月曜日,Italian,050-5589-0269 (+81-50-5589-0269) (For reservation only) 0942-82-2424 (+81-942-82-2424) (For inquiry) 予約可 ご予約は火曜日～日曜日の10：00～22：00にて承ります。※月曜日は店休日となります。,yes For 20-30 people
3.02,Saga,"
                  050-5590-8342
                  (+81-50-5590-8342)                ",JR鳥栖駅から徒歩30分、車で5分 699 meters from Shin Tosu.,4-120 Kuranoue Tosu Saga 佐賀県 鳥栖市 蔵上 4-120 Show larger map,3.02,asami,http://www.roan-tosu.com/,"Izakaya (Tavern), Motsu Nabe (Offel Hot Pot)",docomo、au、SoftBank,,Smoking establishment,"Dinner: ￥1,000～￥1,999 Lunch: ￥1,000～￥1,999 The amount of money spent by actual store visitors.",Izakaya (Tavern),※貸切は60名様からご利用頂けます,Particular about vegetable,yes (お店の前にございます),Shokunokuraroan (爐庵),"Japanese sake (Nihonshu),Japanese spirits (Shochu),Wines,Cocktails",17：00～22：00(料理LO22：00 ドリンクLO22：00)※最終入店は22時となっております*★*ローカルプレイス*★*http://www.localplace.jp/t100118994/ Open on sundays,"Secluded restaurant,House restaurant",https://tabelog.com/en/saga/A4101/A410103/41000429/,Not Available,"With family/kids ,Banquets/party,With friends/co-workers This occasion is recommended by many people.",Shokunokuraroan,-,"￥1,000～￥1,999",9,150 Seats (カウンター、テーブル、掘りごたつ、個室完備),Available (Over 50 people),"￥1,000～￥1,999","All-you-can-drink,All-you-can-drink (¥4,000 - ¥5,000)","
                  Shin Tosu
                ","Stylish space,Wide seat,Counter,Tatami seats,Horigotatsu seats","All-you-can-eat,Course (up to ¥3,000)",不定休,Motsu Nabe (Offel Hot Pot),050-5590-8342 (+81-50-5590-8342) (For reservation only) 0942-81-4949 (+81-942-81-4949) (For inquiry) 予約可 人数変更やキャンセルは原則前日までとなっております.当日のご連絡で５名様以上のキャンセルに関しましてはキャンセル料が発生致しますのでご連絡は前日までにお願い致します。,yes For 6 people、For 8 people、For 10-20 people (完全個室・・6名様用・8名様用・10名様用 )
-,Saga,"
                  050-5868-5260
                  (+81-50-5868-5260)                ",JR鳥栖駅 徒歩8分 485 meters from Tosu.,721-1 Taishomachi Tosu Saga 佐賀県 鳥栖市 大正町 721-1 Show larger map,3.06,ドリミキ,http://hitosara.com/0006017446/,"Italian, French, Pasta",docomo、au、SoftBank,Pasta,Sectionalized smoking,"Dinner: ￥3,000～￥3,999",Italian,,"Particular about vegetable,Particular about fish",yes (４台分),Dainingutoride (Dining Toride 鳥栖店),"Japanese spirits (Shochu),Wines,Cocktails,Particular about wines,Particular about cocktails","17:30～00:00 (L.O.23:30)年末年始はお休みをいただきます。 Late night (After 10 PM), Open on sundays",House restaurant,https://tabelog.com/en/saga/A4101/A410103/41004764/,Available (VISA、MASTER、JCB、AMEX、Diners),"Banquets/party,With friends/co-workers This occasion is recommended by many people.",Dainingutoride,3.06,,6,150 Seats,Available (Over 50 people),"￥3,000～￥3,999","All-you-can-drink,All-you-can-drink (¥4,000 - ¥5,000)","
                  Tosu
                ","Stylish space,Comfortable space,Wide seat","Course (up to ¥3,000),Course (¥3,000 - ¥4,000)",無休,French,050-5868-5260 (+81-50-5868-5260) (For reservation only) 0942-81-4333 (+81-942-81-4333) (For inquiry) 予約可,yes For 2 people、For 4 people、For 6 people、For 8 people、For 10-20 people、For 20-30 people、Over 30 people (1F：テーブル席、個室2名～50名 2F：最大100名)
-,Saga,"
                  050-5872-9405
                  (+81-50-5872-9405)                ",JR佐賀駅から徒歩10分 746 meters from Saga.,2丁目5-1 Tojin Saga Saga 佐賀県 佐賀市 唐人 2丁目5-1 Show larger map,3.02,林神龍,,"Dining bar, Seafood, Motsu Nabe (Offel Hot Pot)",docomo、au、SoftBank、Y!mobile,Motsu Nabe (Offel Hot Pot),Smoking establishment,"Dinner: ￥3,000～￥3,999",Dining bar,※コースはご予算により、料理内容を変更することができます。,"Particular about vegetable,Particular about fish",no (お近くのコインパーキングをご利用下さい。),Mutou (むとう),"Japanese sake (Nihonshu),Japanese spirits (Shochu),Wines,Cocktails,Particular about Japanese sake (Nihonshu),Particular about Japanese spirits (Shochu),Particular about wines,Particular about cocktails","『火曜～土曜』 18:00～0:00 (L.O. 23:30)『日曜』18:00～23:00 (L.O. 23:00) Late night (After 10 PM), Open on sundays",Secluded restaurant,https://tabelog.com/en/saga/A4101/A410101/41000149/,Available (JCB、AMEX、VISA、MASTER、Diners),"Date,With friends/co-workers This occasion is recommended by many people.",Mutou,3.02,,1,32 Seats (カウンター席・ソファー席・掘りごたつ席がございます。),Available (For 20-50 people),"￥3,000～￥3,999",All-you-can-drink,"
                  Saga
                ","Stylish space,Comfortable space,Wide seat,Counter,Horigotatsu seats","Course (¥3,000 - ¥4,000),Course (¥4,000 - ¥5,000)",月定休,Seafood,050-5872-9405 (+81-50-5872-9405) (For reservation only) 0952-25-8139 (+81-952-25-8139) (For inquiry) 予約可,yes For 6 people、For 8 people、For 10-20 people (掘りごたつの個室は16名まで収容可能です。 ※可動式になっておりますので、6～20名様ほど収容可能です。)
-,Saga,"
                  0955-75-5750
                  (+81-955-75-5750)                ",JR筑紫線・唐津駅より徒歩5分唐津バスセンターより徒歩5分 437 meters from Karatsu.,1961-2 Kiwatamachi Karatsu Saga 佐賀県 唐津市 木綿町 1961-2 Show larger map,3.05,skull angel,http://www.localplace.jp/t100208171/,"Izakaya (Tavern), Seafood, Yakitori (Grilled chicken)",docomo、au、SoftBank、Y!mobile,Yakitori (Grilled chicken),Smoking establishment,"Dinner: ￥3,000～￥3,999",Izakaya (Tavern),★パーティールームあります★当店は40名様～MAX60名までご利用可能なパーティールームもございます。結婚式の二次会や歓送迎会・忘年会・新年会などの団体様に最適。またカラオケもついておりますので、お食事をしながら楽しい時間を過ごしていただけます♪人数・予算・内容に関してご相談下さい★,Particular about fish,yes (近隣にコインパーキングあり),Izakayafuurinkazan (いざかや 風林火山),"Japanese sake (Nihonshu),Japanese spirits (Shochu),Wines,Cocktails","18：00～翌3:00【姉妹店：いざかやかんすけ】http://tabelog.com/saga/A4102/A410201/41000722/ Late night (After 10 PM),Late night (After midnight), Open on sundays",House restaurant,https://tabelog.com/en/saga/A4102/A410201/41002593/,Available,"With family/kids ,Date,With friends/co-workers This occasion is recommended by many people.",Izakayafuurinkazan,3.05,,1,50 Seats,Available (For 20-50 people),"￥3,000～￥3,999","All-you-can-drink (¥3,000 - ¥4,000),All-you-can-drink (¥4,000 - ¥5,000)","
                  Karatsu
                ","Stylish space,Comfortable space,Wide seat,Counter,Tatami seats",,年中無休,Seafood,0955-75-5750 (+81-955-75-5750) 予約可 予約の際は、食べログを見たと一言伝えて頂けると幸いです。,yes
-,Saga,"
                  050-5570-4191
                  (+81-50-5570-4191)                ",鳥栖駅より徒歩5分 159 meters from Tosu.,792-26 Kyomachi Tosu Saga 佐賀県 鳥栖市 京町 792-26 Show larger map,-,,http://www.localplace.jp/t100052034/,"Izakaya (Tavern), Italian, Seafood",docomo、au、SoftBank、Y!mobile,Seafood,Smoking establishment,"Dinner: ￥3,000～￥3,999",Izakaya (Tavern),,"Particular about vegetable,Particular about fish,Health/beauty menu,Vegetarian menu",no (近隣のコインパーキングをご利用ください。),BOBAL (ぼばる),"Japanese sake (Nihonshu),Japanese spirits (Shochu),Wines,Cocktails,Particular about Japanese sake (Nihonshu),Particular about Japanese spirits (Shochu),Particular about wines,Particular about cocktails","17:30～24:00 Late night (After 10 PM), Open on sundays","Beautiful scenery,Beautiful night view,Secluded restaurant,House restaurant",https://tabelog.com/en/saga/A4101/A410103/41005280/,Not Available,Banquets/party This occasion is recommended by many people.,BOBAL,-,,0,80 Seats,Available (For 20-50 people),"￥3,000～￥3,999","All-you-can-drink,All-you-can-drink (¥3,000 - ¥4,000),All-you-can-drink (¥4,000 - ¥5,000)","
                  Tosu
                ","Stylish space,Comfortable space,Wide seat,Couples seats,Counter,Tatami seats","Course (¥3,000 - ¥4,000),Course (¥4,000 - ¥5,000)",不定休,Italian,050-5570-4191 (+81-50-5570-4191) (For reservation only) 0942-83-8066 (+81-942-83-8066) (For inquiry) 予約可,yes For 8 people、For 10-20 people、For 20-30 people、Over 30 people
-,Saga,"
                  050-5592-7003
                  (+81-50-5592-7003)                ","★【運輸支局】交差点ローソーンより徒歩1分★市営バス/西鉄バス【館橋（やかたばし）】バス停より徒歩3分★マックスバリュー前、市営バス【北陵高校前】バス停より徒歩8分★佐賀駅より車で6分 2,034 meters from Saga.",Takakisenishi Saga Saga 佐賀県 佐賀市 高木瀬西 2-10-1 Show larger map,-,pgpgmg@,http://www.localplace.jp/t100164885/,"Yakiniku (BBQ Beef), Okinawan Cuisine, Horumon (BBQ Offel)",docomo、au、SoftBank、Y!mobile,Horumon (BBQ Offel),Smoking establishment,"Dinner: ￥5,000～￥5,999 The amount of money spent by actual store visitors.",Yakiniku (BBQ Beef),★貸切30名様～最大40名まで,,yes (お店の前に8台分御座います。),Okinawayakinikuganjuu (沖縄焼肉がんじゅう),"Japanese spirits (Shochu),Wines,Cocktails","～ランチ～【日曜日 祝日】11：30-15：00～夜～17：00-24：00 Lunch,Late night (After 10 PM), Open on sundays",House restaurant,https://tabelog.com/en/saga/A4101/A410101/41005933/,Available (VISA、MASTER、JCB、AMEX、Diners),Banquets/party This occasion is recommended by many people.,Okinawayakinikuganjuu,-,,1,58 Seats (座敷 ４名×9席、８名×２席、カウンター２人掛け×3席),Available (For 20-50 people),"￥5,000～￥5,999",All-you-can-drink,"
                  Saga
                ","Comfortable space,Wide seat,Counter,Tatami seats","Course (¥3,000 - ¥4,000)",木曜日,Okinawan Cuisine,050-5592-7003 (+81-50-5592-7003) (For reservation only) 0952-33-0029 (+81-952-33-0029) (For inquiry) 予約可,no
-,Saga,"
                  050-5872-2028
                  (+81-50-5872-2028)                ",連絡バス（佐賀空港-佐賀）佐賀駅 徒歩2分 210 meters from Saga.,1-5-21 Ekimae Chuo Saga Saga 佐賀県 佐賀市 駅前中央 1-5-21 1F Show larger map,3.00,＊ユウ＊,http://zawatami-sagaminamiguchiekimae.com/,"Izakaya (Tavern), Seafood, Dining bar",,Dining bar,Sectionalized smoking,"Dinner: ￥2,000～￥2,999",Izakaya (Tavern),,Particular about fish,no,Zawatami (坐・和民 佐賀南口駅前店),"Japanese sake (Nihonshu),Japanese spirits (Shochu),Wines,Cocktails,Particular about Japanese sake (Nihonshu),Particular about Japanese spirits (Shochu),Particular about wines,Particular about cocktails","17:00～03:00 Late night (After 10 PM),Late night (After midnight), Open on sundays",,https://tabelog.com/en/saga/A4101/A410101/41000431/,Available (JCB、AMEX、VISA、MASTER、Diners),"With family/kids ,Banquets/party,With friends/co-workers This occasion is recommended by many people.",Zawatami,3.00,,4,115 Seats,Not Available,"￥2,000～￥2,999","All-you-can-drink,All-you-can-drink (¥3,000 - ¥4,000),All-you-can-drink (¥4,000 - ¥5,000)","
                  Saga
                ","Stylish space,Comfortable space,Wide seat,Tatami seats,Horigotatsu seats","Course (up to ¥3,000),Course (¥3,000 - ¥4,000),Course (¥4,000 - ¥5,000)",毎週火曜日は定休日※定休日が祝休日、祝前日の場合は営業させていただき、祝休日の翌日を休業いたします。,Seafood,050-5872-2028 (+81-50-5872-2028) (For reservation only) 0952-27-1507 (+81-952-27-1507) (For inquiry) 予約可,yes For 2 people、For 4 people、For 6 people、For 8 people、For 10-20 people (人数に応じてご用意いたします。お問合せください。 )
-,Saga,"
                  050-5593-4071
                  (+81-50-5593-4071)                ",JR[佐賀駅]より徒歩10分 952 meters from Saga.,Otakara Saga Saga 佐賀県 佐賀市 大財 1-5-3 Show larger map,-,,http://www.localplace.jp/t100303715/,"Izakaya (Tavern), Seafood, Robatayaki",docomo、au、SoftBank、Y!mobile,Robatayaki,Smoking establishment,,Izakaya (Tavern),,,no (近隣に有料コインパーキングがございます),Iroriizakayatomo (囲炉裏居酒屋 朋),,"18:00～翌3:00 Late night (After 10 PM),Late night (After midnight)",Secluded restaurant,https://tabelog.com/en/saga/A4101/A410101/41006048/,Not Available,,Iroriizakayatomo,-,,0,20 Seats (カウンター4席、座敷テーブル4名×4),Available (Up to 20 people),,All-you-can-drink,"
                  Saga
                ","Counter,Tatami seats","Course (up to ¥3,000),Course (¥3,000 - ¥4,000)",月曜日（祝日の場合営業、翌火曜日休み）,Seafood,050-5593-4071 (+81-50-5593-4071) (For reservation only) 0952-37-1205 (+81-952-37-1205) (For inquiry) 予約可,no
-,Saga,"
                  050-5593-3172
                  (+81-50-5593-3172)                ",●JR唐津駅より徒歩5分●唐津バスセンターより徒歩5分 268 meters from Karatsu.,Nakamachi Karatsu Saga 佐賀県 唐津市 中町 1872-1 1F Show larger map,-,,http://www.localplace.jp/t100208189/,"Izakaya (Tavern), Seafood, Japanese food (other)",docomo、au、SoftBank、Y!mobile,Japanese food (other),Smoking establishment,"Dinner: ￥4,000～￥4,999",Izakaya (Tavern),,,no (近隣にコインパーキングあります。),Rin (凛),"Japanese sake (Nihonshu),Japanese spirits (Shochu),Wines,Cocktails",17:30～24：00（LO23：30） Late night (After 10 PM),,https://tabelog.com/en/saga/A4102/A410201/41005963/,Available (VISA、MASTER、JCB、AMEX、Diners),,Rin,-,,0,21 Seats (カウンター×4、個室６人×1、個室5人×2 貸し切り21様まで),Available (Up to 20 people、For 20-50 people),"￥4,000～￥4,999","All-you-can-drink (¥4,000 - ¥5,000)","
                  Karatsu
                ","Stylish space,Comfortable space,Wide seat,Counter,Tatami seats,Horigotatsu seats","Course (¥3,000 - ¥4,000)",日曜日,Seafood,050-5593-3172 (+81-50-5593-3172) (For reservation only) 0955-72-6338 (+81-955-72-6338) (For inquiry) 予約可,yes For 2 people、For 4 people、For 6 people、For 8 people、For 10-20 people (※個室MAX17名 ※貸し切り17名様～MAX21名)
3.04,Saga,"
                  050-5890-6958
                  (+81-50-5890-6958)                ","1,124 meters from Saga.",2-7-1 Shirayama Saga Saga 佐賀県 佐賀市 白山 2-7-1 エスプラッツ １F Show larger map,3.09,ガーボン,http://kingkitchensaga.wordpress.com/,"Italian, Dining bar, Izakaya (Tavern)",docomo、au、SoftBank、Y!mobile,Izakaya (Tavern),Smoking establishment (ただし、ランチタイムは禁煙です。14：00～は喫煙可),"Dinner: ￥2,000～￥2,999 Lunch: ～￥999",Italian,,"Particular about vegetable,Particular about fish,Health/beauty menu,Vegetarian menu",no (永池駐車場無料券あり),King Kitchen (イタリア酒場 キングキッチン),"Japanese sake (Nihonshu),Japanese spirits (Shochu),Wines,Cocktails,Particular about Japanese sake (Nihonshu),Particular about Japanese spirits (Shochu),Particular about wines,Particular about cocktails","11:30～15:00(L.O.14:30)18:00～24:00(L.O.23:00)ローカルプレイス⇒http://www.localplace.jp/t100063066/ Lunch,Late night (After 10 PM), Open on sundays",Secluded restaurant,https://tabelog.com/en/saga/A4101/A410101/41003353/,Available (VISA、JCB、AMEX、MASTER),"Date,Banquets/party,With friends/co-workers This occasion is recommended by many people.",King Kitchen,3.09, ～￥999,8,60 Seats (個室2部屋、ソファー、テーブル席、カウンター席),Available (For 20-50 people、Over 50 people),"￥2,000～￥2,999","All-you-can-drink,All-you-can-drink (up to ¥3,000),All-you-can-drink (¥3,000 - ¥4,000)","
                  Saga
                ","Stylish space,Comfortable space,Wide seat,Couples seats,Counter,Sofa seats","Course (¥3,000 - ¥4,000)",不定休,Dining bar,050-5890-6958 (+81-50-5890-6958) (For reservation only) 0952-27-0510 (+81-952-27-0510) (For inquiry) 予約可,yes For 4 people、For 6 people、For 8 people、For 10-20 people
